FASTA ID,Accession ID,Sample ID,Year,Country,Clade Designation,Native/Invasive,Latitude,Longitude,County/State,City/Town,Haplotype,Urban/Rural Habitat,Breeding habitat,Type of Collection
AfkB9_Afghanistan,ERR13695718,AfkB9,2015,Afghanistan,Major,Native,34.8466,71.0973,Kunar,Kunar,Hap1,Rural,NA,Immature
AfkC4_Afghanistan,ERR13695719,AfkC4,2015,Afghanistan,Major,Native,34.8466,71.0973,Kunar,Kunar,Hap1,Rural,NA,Immature
AfkC5_Afghanistan,ERR13695720,AfkC5,2015,Afghanistan,Major,Native,34.8466,71.0973,Kunar,Kunar,Hap1,Rural,NA,Immature
AfkE3_Afghanistan,ERR13695721,AfkE3,2015,Afghanistan,Major,Native,34.8466,71.0973,Kunar,Kunar,Hap1,Rural,NA,Immature
AfkE4_Afghanistan,ERR13695722,AfkE4,2015,Afghanistan,Major,Native,34.8466,71.0973,Kunar,Kunar,Hap1,Rural,NA,Immature
AfkE5_Afghanistan,ERR13695723,AfkE5,2015,Afghanistan,Major,Native,34.8466,71.0973,Kunar,Kunar,Hap1,Rural,NA,Immature
AfkF3_Afghanistan,ERR13695725,AfkF3,2015,Afghanistan,Major,Native,34.8466,71.0973,Kunar,Kunar,Hap1,Rural,NA,Immature
AfkF4_Afghanistan,ERR13695726,AfkF4,2015,Afghanistan,Major,Native,34.8466,71.0973,Kunar,Kunar,Hap1,Rural,NA,Immature
AfkF7_Afghanistan,ERR13695728,AfkF7,2015,Afghanistan,Major,Native,34.8466,71.0973,Kunar,Kunar,Hap1,Rural,NA,Immature
AfkH3_Afghanistan,ERR13695729,AfkH3,2015,Afghanistan,Major,Native,34.8466,71.0973,Kunar,Kunar,Hap1,Rural,NA,Immature
AfkH4_Afghanistan,ERR13695730,AfkH4,2015,Afghanistan,Major,Native,34.8466,71.0973,Kunar,Kunar,Hap1,Rural,NA,Immature
AfNA1_Afghanistan,ERR13695731,AfNA1,2015,Afghanistan,Major,Native,34.1718,70.6217,Nangarhar,Nangarhar,Hap1,Urban,NA,Immature
AfNA2_Afghanistan,ERR13695732,AfNA2,2015,Afghanistan,Major,Native,34.1718,70.6217,Nangarhar,Nangarhar,Hap1,Urban,NA,Immature
AfNC4_Afghanistan,ERR13695733,AfNC4,2015,Afghanistan,Major,Native,34.1718,70.6217,Nangarhar,Nangarhar,Hap1,Urban,NA,Immature
AfNC7_Afghanistan,ERR13695734,AfNC7,2015,Afghanistan,Major,Native,34.1718,70.6217,Nangarhar,Nangarhar,Hap23,Urban,NA,Immature
AfND7_Afghanistan,ERR13695736,AfND7,2015,Afghanistan,Major,Native,34.1718,70.6217,Nangarhar,Nangarhar,Hap1,Urban,NA,Immature
AfND8_Afghanistan,ERR13695737,AfND8,2015,Afghanistan,Major,Native,34.1718,70.6217,Nangarhar,Nangarhar,Hap1,Urban,NA,Immature
AfNE1_Afghanistan,ERR13695738,AfNE1,2015,Afghanistan,Major,Native,34.1718,70.6217,Nangarhar,Nangarhar,Hap1,Urban,NA,Immature
AfNE6_Afghanistan,ERR13695739,AfNE6,2015,Afghanistan,Major,Native,34.1718,70.6217,Nangarhar,Nangarhar,Hap24,Urban,NA,Immature
AfNE7_Afghanistan,ERR13695740,AfNE7,2015,Afghanistan,Major,Native,34.1718,70.6217,Nangarhar,Nangarhar,Hap1,Urban,NA,Immature
AfNF1_Afghanistan,ERR13695741,AfNF1,2015,Afghanistan,Major,Native,34.1718,70.6217,Nangarhar,Nangarhar,Hap1,Urban,NA,Immature
AfNF2_Afghanistan,ERR13695742,AfNF2,2015,Afghanistan,Major,Native,34.1718,70.6217,Nangarhar,Nangarhar,Hap1,Urban,NA,Immature
AfNG1_Afghanistan,ERR13695743,AfNG1,2015,Afghanistan,Major,Native,34.1718,70.6217,Nangarhar,Nangarhar,Hap1,Urban,NA,Immature
AfNG8_Afghanistan,ERR13695744,AfNG8,2015,Afghanistan,Major,Native,34.1718,70.6217,Nangarhar,Nangarhar,Hap1,Urban,NA,Immature
AfNH7_Afghanistan,ERR13695746,AfNH7,2015,Afghanistan,Major,Native,34.1718,70.6217,Nangarhar,Nangarhar,Hap1,Urban,NA,Immature
AfNH8_Afghanistan,ERR13695747,AfNH8,2015,Afghanistan,Major,Native,34.1718,70.6217,Nangarhar,Nangarhar,Hap1,Urban,NA,Immature
ERR13695727_Afghanistan,ERR13695727,ERR13695727,2015,Afghanistan,Major,Native,34.8466,71.0973,Kunar,Kunar,Hap1,Rural,NA,Immature
ERR13695735_Afghanistan,ERR13695735,ERR13695735,2015,Afghanistan,Major,Native,34.1718,70.6217,Nangarhar,Nangarhar,Hap1,Urban,NA,Immature
ERR13695745_Afghanistan,ERR13695745,ERR13695745,2015,Afghanistan,Major,Native,34.1718,70.6217,Nangarhar,Nangarhar,Hap1,Urban,NA,Immature
Chi1_China,MW012492,Chi1,NA,China,Major,Native,NA,NA,NA,NA,NA,NA,NA,NA
A354_Djibouti,KF933378,A354,2012,Djibouti,Major,Invasive,11.47722,43.23111,NA,Loyada,Hap3,Rural,NA,Adult
DJ1026_Djibouti,NA,DJ1026,2019,Djibouti,Major,Invasive,11.56246,43.12924,NA,Djibouti City,Hap3,Urban,Artifical,Immature
DJ1043_Djibouti,NA,DJ1043,2019,Djibouti,Major,Invasive,11.56239,43.12923,NA,Djibouti City,Hap3,Urban,Artifical,Immature
DJ1045_Djibouti,NA,DJ1045,2019,Djibouti,Major,Invasive,11.56239,43.12923,NA,Djibouti City,Hap4,Urban,Artifical,Immature
DJ1046_Djibouti,NA,DJ1046,2019,Djibouti,Major,Invasive,11.56239,43.12923,NA,Djibouti City,Hap3,Urban,Artifical,Immature
DJ1047_Djibouti,NA,DJ1047,2019,Djibouti,Major,Invasive,11.56239,43.12923,NA,Djibouti City,Hap3,Urban,Artifical,Immature
DJ1048_Djibouti,NA,DJ1048,2019,Djibouti,Major,Invasive,11.56239,43.12923,NA,Djibouti City,Hap4,Urban,Artifical,Immature
DJ1049_Djibouti,NA,DJ1049,2019,Djibouti,Major,Invasive,11.56239,43.12923,NA,Djibouti City,Hap4,Urban,Artifical,Immature
DJ1050_Djibouti,NA,DJ1050,2019,Djibouti,Major,Invasive,11.56239,43.12923,NA,Djibouti City,Hap21,Urban,Artifical,Immature
DJ1051_Djibouti,NA,DJ1051,2019,Djibouti,Major,Invasive,11.56239,43.12923,NA,Djibouti City,Hap20,Urban,Artifical,Immature
DJ1052_Djibouti,NA,DJ1052,2019,Djibouti,Major,Invasive,11.56239,43.12923,NA,Djibouti City,Hap1,Urban,Artifical,Immature
DJ1053_Djibouti,NA,DJ1053,2019,Djibouti,Major,Invasive,11.56239,43.12923,NA,Djibouti City,Hap2,Urban,Artifical,Immature
DJ1054_Djibouti,NA,DJ1054,2019,Djibouti,Major,Invasive,11.56239,43.12923,NA,Djibouti City,Hap2,Urban,Artifical,Immature
DJ1056_Djibouti,NA,DJ1056,2019,Djibouti,Major,Invasive,11.56239,43.12923,NA,Djibouti City,Hap3,Urban,Artifical,Immature
DJ1057_Djibouti,NA,DJ1057,2019,Djibouti,Major,Invasive,11.56239,43.12923,NA,Djibouti City,Hap2,Urban,Artifical,Immature
DJ1058_Djibouti,NA,DJ1058,2019,Djibouti,Major,Invasive,11.56239,43.12923,NA,Djibouti City,Hap3,Urban,Artifical,Immature
DJ1059_Djibouti,NA,DJ1059,2019,Djibouti,Major,Invasive,11.56239,43.12923,NA,Djibouti City,Hap3,Urban,Artifical,Immature
DJ1060_Djibouti,NA,DJ1060,2019,Djibouti,Major,Invasive,11.56239,43.12923,NA,Djibouti City,Hap2,Urban,Artifical,Immature
DJ1061_Djibouti,NA,DJ1061,2019,Djibouti,Major,Invasive,11.56239,43.12923,NA,Djibouti City,Hap3,Urban,Artifical,Immature
DJ1062_Djibouti,NA,DJ1062,2019,Djibouti,Major,Invasive,11.56239,43.12923,NA,Djibouti City,Hap3,Urban,Artifical,Immature
DJ1063_Djibouti,NA,DJ1063,2019,Djibouti,Major,Invasive,11.56239,43.12923,NA,Djibouti City,Hap3,Urban,Artifical,Immature
DJ1064_Djibouti,NA,DJ1064,2019,Djibouti,Major,Invasive,11.56239,43.12923,NA,Djibouti City,Hap3,Urban,Artifical,Immature
DJ1066_Djibouti,NA,DJ1066,2019,Djibouti,Major,Invasive,11.56239,43.12923,NA,Djibouti City,Hap2,Urban,Artifical,Immature
DJ1101_Djibouti,NA,DJ1101,2019,Djibouti,Major,Invasive,11.56239,43.12923,NA,Djibouti City,Hap2,Urban,Artifical,Immature
DJ1102_Djibouti,NA,DJ1102,2019,Djibouti,Major,Invasive,11.56239,43.12923,NA,Djibouti City,Hap3,Urban,Artifical,Immature
DJ1103_Djibouti,NA,DJ1103,2019,Djibouti,Major,Invasive,11.56239,43.12923,NA,Djibouti City,Hap3,Urban,Artifical,Immature
DJ1104_Djibouti,NA,DJ1104,2019,Djibouti,Major,Invasive,11.56239,43.12923,NA,Djibouti City,Hap3,Urban,Artifical,Immature
DJ1105_Djibouti,NA,DJ1105,2019,Djibouti,Major,Invasive,11.56239,43.12923,NA,Djibouti City,Hap3,Urban,Artifical,Immature
DJ1106_Djibouti,NA,DJ1106,2019,Djibouti,Major,Invasive,11.56239,43.12923,NA,Djibouti City,Hap3,Urban,Artifical,Immature
DJ1107_Djibouti,NA,DJ1107,2019,Djibouti,Major,Invasive,11.56239,43.12923,NA,Djibouti City,Hap3,Urban,Artifical,Immature
DJ1108_Djibouti,NA,DJ1108,2019,Djibouti,Major,Invasive,11.56239,43.12923,NA,Djibouti City,Hap2,Urban,Artifical,Immature
DJ1109_Djibouti,NA,DJ1109,2019,Djibouti,Major,Invasive,11.56239,43.12923,NA,Djibouti City,Hap2,Urban,Artifical,Immature
DJ1110_Djibouti,NA,DJ1110,2019,Djibouti,Major,Invasive,11.56239,43.12923,NA,Djibouti City,Hap3,Urban,Artifical,Immature
DJ1111_Djibouti,NA,DJ1111,2019,Djibouti,Major,Invasive,11.56239,43.12923,NA,Djibouti City,Hap2,Urban,Artifical,Immature
DJ1112_Djibouti,NA,DJ1112,2019,Djibouti,Major,Invasive,11.56239,43.12923,NA,Djibouti City,Hap2,Urban,Artifical,Immature
DJ1115_Djibouti,NA,DJ1115,2019,Djibouti,Major,Invasive,11.56239,43.12923,NA,Djibouti City,Hap2,Urban,Artifical,Immature
DJ1116_Djibouti,NA,DJ1116,2019,Djibouti,Major,Invasive,11.56239,43.12923,NA,Djibouti City,Hap3,Urban,Artifical,Immature
DJ1117_Djibouti,NA,DJ1117,2019,Djibouti,Major,Invasive,11.56239,43.12923,NA,Djibouti City,Hap3,Urban,Artifical,Immature
DJ1118_Djibouti,NA,DJ1118,2019,Djibouti,Major,Invasive,11.56239,43.12923,NA,Djibouti City,Hap3,Urban,Artifical,Immature
DJ1119_Djibouti,NA,DJ1119,2019,Djibouti,Major,Invasive,11.56239,43.12923,NA,Djibouti City,Hap2,Urban,Artifical,Immature
DJ1120_Djibouti,NA,DJ1120,2019,Djibouti,Major,Invasive,11.56239,43.12923,NA,Djibouti City,Hap2,Urban,Artifical,Immature
DJ1122_Djibouti,NA,DJ1122,2019,Djibouti,Major,Invasive,11.56239,43.12923,NA,Djibouti City,Hap2,Urban,Artifical,Immature
DJ1123_Djibouti,NA,DJ1123,2019,Djibouti,Major,Invasive,11.56239,43.12923,NA,Djibouti City,Hap2,Urban,Artifical,Immature
DJ1124_Djibouti,NA,DJ1124,2019,Djibouti,Major,Invasive,11.56239,43.12923,NA,Djibouti City,Hap3,Urban,Artifical,Immature
DJ1125_Djibouti,NA,DJ1125,2019,Djibouti,Major,Invasive,11.56239,43.12923,NA,Djibouti City,Hap3,Urban,Artifical,Immature
DJ1125bis_Djibouti,NA,DJ1125bis,2019,Djibouti,Major,Invasive,11.56239,43.12923,NA,Djibouti City,Hap3,Urban,Artifical,Immature
DJ1126_Djibouti,NA,DJ1126,2019,Djibouti,Major,Invasive,11.56239,43.12923,NA,Djibouti City,Hap2,Urban,Artifical,Immature
DJ1127_Djibouti,NA,DJ1127,2019,Djibouti,Major,Invasive,11.56239,43.12923,NA,Djibouti City,Hap3,Urban,Artifical,Immature
DJ1128_Djibouti,NA,DJ1128,2019,Djibouti,Major,Invasive,11.56239,43.12923,NA,Djibouti City,Hap2,Urban,Artifical,Immature
DJ1129_Djibouti,NA,DJ1129,2019,Djibouti,Major,Invasive,11.56239,43.12923,NA,Djibouti City,Hap2,Urban,Artifical,Immature
DJ1130_Djibouti,NA,DJ1130,2019,Djibouti,Major,Invasive,11.56239,43.12923,NA,Djibouti City,Hap22,Urban,Artifical,Immature
DJ1131_Djibouti,NA,DJ1131,2019,Djibouti,Major,Invasive,11.56239,43.12923,NA,Djibouti City,Hap18,Urban,Artifical,Immature
DJ1135_Djibouti,NA,DJ1135,2019,Djibouti,Major,Invasive,11.56239,43.12923,NA,Djibouti City,Hap2,Urban,Artifical,Immature
DJ1136_Djibouti,NA,DJ1136,2019,Djibouti,Major,Invasive,11.56239,43.12923,NA,Djibouti City,Hap2,Urban,Artifical,Immature
DJ1137_Djibouti,NA,DJ1137,2019,Djibouti,Major,Invasive,11.56239,43.12923,NA,Djibouti City,Hap2,Urban,Artifical,Immature
DJ1138_Djibouti,NA,DJ1138,2019,Djibouti,Major,Invasive,11.56239,43.12923,NA,Djibouti City,Hap3,Urban,Artifical,Immature
DJ1139_Djibouti,NA,DJ1139,2019,Djibouti,Major,Invasive,11.56239,43.12923,NA,Djibouti City,Hap2,Urban,Artifical,Immature
DJ1140_Djibouti,NA,DJ1140,2019,Djibouti,Major,Invasive,11.56239,43.12923,NA,Djibouti City,Hap3,Urban,Artifical,Immature
DJ1141_Djibouti,NA,DJ1141,2019,Djibouti,Major,Invasive,11.56239,43.12923,NA,Djibouti City,Hap2,Urban,Artifical,Immature
DJ1142_Djibouti,NA,DJ1142,2019,Djibouti,Major,Invasive,11.56239,43.12923,NA,Djibouti City,Hap3,Urban,Artifical,Immature
DJ1143_Djibouti,NA,DJ1143,2019,Djibouti,Major,Invasive,11.56239,43.12923,NA,Djibouti City,Hap2,Urban,Artifical,Immature
DJ1144_Djibouti,NA,DJ1144,2019,Djibouti,Major,Invasive,11.56239,43.12923,NA,Djibouti City,Hap3,Urban,Artifical,Immature
DJ1145_Djibouti,NA,DJ1145,2019,Djibouti,Major,Invasive,11.56239,43.12923,NA,Djibouti City,Hap3,Urban,Artifical,Immature
DJ1146_Djibouti,NA,DJ1146,2019,Djibouti,Major,Invasive,11.56239,43.12923,NA,Djibouti City,Hap4,Urban,Artifical,Immature
DJ1147_Djibouti,NA,DJ1147,2019,Djibouti,Major,Invasive,11.56239,43.12923,NA,Djibouti City,Hap2,Urban,Artifical,Immature
DJ1148_Djibouti,NA,DJ1148,2019,Djibouti,Major,Invasive,11.56239,43.12923,NA,Djibouti City,Hap2,Urban,Artifical,Immature
DJ1149_Djibouti,NA,DJ1149,2019,Djibouti,Major,Invasive,11.56239,43.12923,NA,Djibouti City,Hap2,Urban,Artifical,Immature
DJ1151_Djibouti,NA,DJ1151,2019,Djibouti,Major,Invasive,11.56239,43.12923,NA,Djibouti City,Hap4,Urban,Artifical,Immature
DJ1152_Djibouti,NA,DJ1152,2019,Djibouti,Major,Invasive,11.56239,43.12923,NA,Djibouti City,Hap2,Urban,Artifical,Immature
DJ1154_Djibouti,NA,DJ1154,2019,Djibouti,Major,Invasive,11.56239,43.12923,NA,Djibouti City,Hap3,Urban,Artifical,Immature
DJ1155_Djibouti,NA,DJ1155,2019,Djibouti,Major,Invasive,11.56239,43.12923,NA,Djibouti City,Hap3,Urban,Artifical,Immature
DJ1156_Djibouti,NA,DJ1156,2019,Djibouti,Major,Invasive,11.56239,43.12923,NA,Djibouti City,Hap1,Urban,Artifical,Immature
DJ1157_Djibouti,NA,DJ1157,2019,Djibouti,Major,Invasive,11.56239,43.12923,NA,Djibouti City,Hap3,Urban,Artifical,Immature
DJ1158_Djibouti,NA,DJ1158,2019,Djibouti,Major,Invasive,11.56239,43.12923,NA,Djibouti City,Hap2,Urban,Artifical,Immature
DJ1159_Djibouti,NA,DJ1159,2019,Djibouti,Major,Invasive,11.56239,43.12923,NA,Djibouti City,Hap3,Urban,Artifical,Immature
DJ1161_Djibouti,NA,DJ1161,2019,Djibouti,Major,Invasive,11.56239,43.12923,NA,Djibouti City,Hap1,Urban,Artifical,Immature
DJ1163_Djibouti,NA,DJ1163,2019,Djibouti,Major,Invasive,11.56239,43.12923,NA,Djibouti City,Hap4,Urban,Artifical,Immature
DJ1164_Djibouti,NA,DJ1164,2019,Djibouti,Major,Invasive,11.56239,43.12923,NA,Djibouti City,Hap3,Urban,Artifical,Immature
DJ1165_Djibouti,NA,DJ1165,2019,Djibouti,Major,Invasive,11.56239,43.12923,NA,Djibouti City,Hap2,Urban,Artifical,Immature
DJ1166_Djibouti,NA,DJ1166,2019,Djibouti,Major,Invasive,11.56239,43.12923,NA,Djibouti City,Hap3,Urban,Artifical,Immature
DJ1167_Djibouti,NA,DJ1167,2019,Djibouti,Major,Invasive,11.56239,43.12923,NA,Djibouti City,Hap3,Urban,Artifical,Immature
DJ1168_Djibouti,NA,DJ1168,2019,Djibouti,Major,Invasive,11.56239,43.12923,NA,Djibouti City,Hap3,Urban,Artifical,Immature
DJ1169_Djibouti,NA,DJ1169,2019,Djibouti,Major,Invasive,11.56239,43.12923,NA,Djibouti City,Hap3,Urban,Artifical,Immature
DJ1170_Djibouti,NA,DJ1170,2019,Djibouti,Major,Invasive,11.56239,43.12923,NA,Djibouti City,Hap2,Urban,Artifical,Immature
DJ1171_Djibouti,NA,DJ1171,2019,Djibouti,Major,Invasive,11.56239,43.12923,NA,Djibouti City,Hap3,Urban,Artifical,Immature
DJ1172_Djibouti,NA,DJ1172,2019,Djibouti,Major,Invasive,11.56239,43.12923,NA,Djibouti City,Hap3,Urban,Artifical,Immature
DJ1173_Djibouti,NA,DJ1173,2019,Djibouti,Major,Invasive,11.56239,43.12923,NA,Djibouti City,Hap4,Urban,Artifical,Immature
DJ1174_Djibouti,NA,DJ1174,2019,Djibouti,Major,Invasive,11.56239,43.12923,NA,Djibouti City,Hap2,Urban,Artifical,Immature
DJ1180_Djibouti,NA,DJ1180,2019,Djibouti,Major,Invasive,11.56239,43.12923,NA,Djibouti City,Hap2,Urban,Artifical,Immature
DJ1183_Djibouti,NA,DJ1183,2019,Djibouti,Major,Invasive,11.56239,43.12923,NA,Djibouti City,Hap2,Urban,Artifical,Immature
DJ1186_Djibouti,NA,DJ1186,2019,Djibouti,Major,Invasive,11.56239,43.12923,NA,Djibouti City,Hap1,Urban,Artifical,Immature
DJ1187_Djibouti,NA,DJ1187,2019,Djibouti,Major,Invasive,11.56239,43.12923,NA,Djibouti City,Hap2,Urban,Artifical,Immature
DJ1188_Djibouti,NA,DJ1188,2019,Djibouti,Major,Invasive,11.56239,43.12923,NA,Djibouti City,Hap3,Urban,Artifical,Immature
DJ1189_Djibouti,NA,DJ1189,2019,Djibouti,Major,Invasive,11.56239,43.12923,NA,Djibouti City,Hap3,Urban,Artifical,Immature
DJ1190_Djibouti,NA,DJ1190,2019,Djibouti,Major,Invasive,11.56239,43.12923,NA,Djibouti City,Hap1,Urban,Artifical,Immature
DJ1193_Djibouti,NA,DJ1193,2019,Djibouti,Major,Invasive,11.56487,43.15032,NA,Djibouti City,Hap2,Urban,Artifical,Immature
DJ1197_Djibouti,NA,DJ1197,2019,Djibouti,Major,Invasive,11.56246,43.12924,NA,Djibouti City,Hap2,Urban,Artifical,Immature
DJ1198_Djibouti,NA,DJ1198,2019,Djibouti,Major,Invasive,11.56246,43.12924,NA,Djibouti City,Hap1,Urban,Artifical,Immature
DJ2001_Djibouti,NA,DJ2001,2019,Djibouti,Major,Invasive,11.56239,43.12923,NA,Djibouti City,Hap3,Urban,Artifical,Immature
DJ2002_Djibouti,NA,DJ2002,2019,Djibouti,Major,Invasive,11.56239,43.12923,NA,Djibouti City,Hap2,Urban,Artifical,Immature
DJ2003_Djibouti,NA,DJ2003,2019,Djibouti,Major,Invasive,11.56239,43.12923,NA,Djibouti City,Hap2,Urban,Artifical,Immature
DJ2014_Djibouti,NA,DJ2014,2019,Djibouti,Major,Invasive,11.56239,43.12923,NA,Djibouti City,Hap1,Urban,Artifical,Immature
DJ2017_Djibouti,NA,DJ2017,2019,Djibouti,Major,Invasive,11.56015,43.13635,NA,Djibouti City,Hap2,Urban,Artifical,Immature
DJ2018_Djibouti,NA,DJ2018,2019,Djibouti,Major,Invasive,11.56015,43.13635,NA,Djibouti City,Hap1,Urban,Artifical,Immature
DJ2019_Djibouti,NA,DJ2019,2019,Djibouti,Major,Invasive,11.56015,43.13635,NA,Djibouti City,Hap2,Urban,Artifical,Immature
DJ2020_Djibouti,NA,DJ2020,2019,Djibouti,Major,Invasive,11.56015,43.13635,NA,Djibouti City,Hap2,Urban,Artifical,Immature
DJ2021_Djibouti,NA,DJ2021,2019,Djibouti,Major,Invasive,11.56015,43.13635,NA,Djibouti City,Hap3,Urban,Artifical,Immature
DJ2022_Djibouti,NA,DJ2022,2019,Djibouti,Major,Invasive,11.56015,43.13635,NA,Djibouti City,Hap1,Urban,Artifical,Immature
DJ2023_Djibouti,NA,DJ2023,2019,Djibouti,Major,Invasive,11.56015,43.13635,NA,Djibouti City,Hap3,Urban,Artifical,Immature
DJ2024_Djibouti,NA,DJ2024,2019,Djibouti,Major,Invasive,11.56015,43.13635,NA,Djibouti City,Hap2,Urban,Artifical,Immature
DJ2030_Djibouti,NA,DJ2030,2019,Djibouti,Major,Invasive,11.56239,43.12923,NA,Djibouti City,Hap3,Urban,Artifical,Immature
DJ2031_Djibouti,NA,DJ2031,2019,Djibouti,Major,Invasive,11.56239,43.12923,NA,Djibouti City,Hap2,Urban,Artifical,Immature
DJ2032_Djibouti,NA,DJ2032,2019,Djibouti,Major,Invasive,11.56239,43.12923,NA,Djibouti City,Hap3,Urban,Artifical,Immature
DJ2034_Djibouti,NA,DJ2034,2019,Djibouti,Major,Invasive,11.56239,43.12923,NA,Djibouti City,Hap3,Urban,Artifical,Immature
DJ2035_Djibouti,NA,DJ2035,2019,Djibouti,Major,Invasive,11.56239,43.12923,NA,Djibouti City,Hap3,Urban,Artifical,Immature
DJ2036_Djibouti,NA,DJ2036,2019,Djibouti,Major,Invasive,11.56239,43.12923,NA,Djibouti City,Hap2,Urban,Artifical,Immature
DJ2047_Djibouti,NA,DJ2047,2019,Djibouti,Major,Invasive,11.56239,43.12923,NA,Djibouti City,Hap3,Urban,Artifical,Immature
DJ2048_Djibouti,NA,DJ2048,2019,Djibouti,Major,Invasive,11.56239,43.12923,NA,Djibouti City,Hap1,Urban,Artifical,Immature
DJ592_Djibouti,NA,DJ592,2019,Djibouti,Major,Invasive,11.55686,43.15473,NA,Djibouti City,Hap3,Urban,Artifical,Adult
DJ858_Djibouti,NA,DJ858,2019,Djibouti,Major,Invasive,11.55686,43.15473,NA,Djibouti City,Hap3,Urban,Artifical,Immature
DJ896_Djibouti,NA,DJ896,2019,Djibouti,Major,Invasive,11.55483,43.1508,NA,Djibouti City,Hap2,Urban,Artifical,Immature
DJ936_Djibouti,NA,DJ936,2019,Djibouti,Major,Invasive,11.56487,43.15032,NA,Djibouti City,Hap2,Urban,Artifical,Immature
Djib_F_03_Djibouti,ERR13818182,Djib_F_03,2023,Djibouti,Major,Invasive,11.8251,42.5903,Djibouti City,Djibouti City,Hap2,Rural,NA,Adult
Djib_F_04_Djibouti,ERR13818183,Djib_F_04,2023,Djibouti,Major,Invasive,11.8251,42.5903,Djibouti City,Djibouti City,Hap3,Rural,NA,Adult
Djib_F_05_Djibouti,ERR13818184,Djib_F_05,2023,Djibouti,Major,Invasive,11.8251,42.5903,Djibouti City,Djibouti City,Hap1,Rural,NA,Adult
Djib_F_06_Djibouti,ERR13818185,Djib_F_06,2023,Djibouti,Major,Invasive,11.8251,42.5903,Djibouti City,Djibouti City,Hap2,Rural,NA,Adult
Djib_F_07_Djibouti,ERR13818186,Djib_F_07,2023,Djibouti,Major,Invasive,11.8251,42.5903,Djibouti City,Djibouti City,Hap3,Rural,NA,Adult
Djib_F_08_Djibouti,ERR13818187,Djib_F_08,2023,Djibouti,Major,Invasive,11.8251,42.5903,Djibouti City,Djibouti City,Hap2,Rural,NA,Adult
Djib_F_10_Djibouti,ERR13818189,Djib_F_10,2023,Djibouti,Major,Invasive,11.8251,42.5903,Djibouti City,Djibouti City,Hap4,Rural,NA,Adult
Djib_F_12_Djibouti,ERR13818191,Djib_F_12,2023,Djibouti,Major,Invasive,11.8251,42.5903,Djibouti City,Djibouti City,Hap2,Rural,NA,Adult
Djib_F_16_Djibouti,ERR13818194,Djib_F_16,2023,Djibouti,Major,Invasive,11.8251,42.5903,Djibouti City,Djibouti City,Hap3,Rural,NA,Adult
Djib_F_19_Djibouti,ERR13818196,Djib_F_19,2023,Djibouti,Major,Invasive,11.8251,42.5903,Djibouti City,Djibouti City,Hap2,Rural,NA,Adult
Djib_F_22_Djibouti,ERR13818198,Djib_F_22,2023,Djibouti,Major,Invasive,11.8251,42.5903,Djibouti City,Djibouti City,Hap2,Rural,NA,Adult
Djib_F_26_Djibouti,ERR13818201,Djib_F_26,2023,Djibouti,Major,Invasive,11.8251,42.5903,Djibouti City,Djibouti City,Hap2,Rural,NA,Adult
Djib_F_27_Djibouti,ERR13818202,Djib_F_27,2023,Djibouti,Major,Invasive,11.8251,42.5903,Djibouti City,Djibouti City,Hap2,Rural,NA,Adult
Djib_F_29_Djibouti,ERR13818204,Djib_F_29,2023,Djibouti,Major,Invasive,11.8251,42.5903,Djibouti City,Djibouti City,Hap2,Rural,NA,Adult
A268_Ethiopia,MH651000,A268,2018,Ethiopia,Major,Invasive,6.733333,44.266667,Somali,Kebridehar,Hap2,Urban,Water reservoir,Immature
AW002_Ethiopia,NA,AW002,2018,Ethiopia,Major,Invasive,8.989,40.164,Afar,Awash Sebat Kilo,Hap2,Urban,Artificial,Immature
AW007_Ethiopia,NA,AW007,2018,Ethiopia,Major,Invasive,8.989,40.164,Afar,Awash Sebat Kilo,Hap2,Urban,Artificial,Immature
AW011_Ethiopia,NA,AW011,2018,Ethiopia,Major,Invasive,8.989,40.164,Afar,Awash Sebat Kilo,Hap3,Urban,Artificial,Immature
AW013_Ethiopia,NA,AW013,2018,Ethiopia,Major,Invasive,8.989,40.164,Afar,Awash Sebat Kilo,Hap2,Urban,Artificial,Immature
AW015_Ethiopia,NA,AW015,2018,Ethiopia,Major,Invasive,8.989,40.164,Afar,Awash Sebat Kilo,Hap2,Urban,Artificial,Immature
AW16_Ethiopia,NA,AW16,2018,Ethiopia,Major,Invasive,8.989,40.164,Afar,Awash Sebat Kilo,Hap2,Urban,Artificial,Immature
AW41_Ethiopia,NA,AW41,2018,Ethiopia,Major,Invasive,8.989,40.164,Afar,Awash Sebat Kilo,Hap2,Urban,Artificial,Immature
BA104_Ethiopia,NA,BA104,2018,Ethiopia,Major,Invasive,11.192,40.017,Amhara,Bati,Hap3,Urban,Artificial,Immature
BA107_Ethiopia,NA,BA107,2018,Ethiopia,Major,Invasive,11.192,40.017,Amhara,Bati,Hap3,Urban,Artificial,Immature
BA114_Ethiopia,NA,BA114,2018,Ethiopia,Major,Invasive,11.192,40.017,Amhara,Bati,Hap3,Urban,Artificial,Immature
BA121_Ethiopia,NA,BA121,2018,Ethiopia,Major,Invasive,11.192,40.017,Amhara,Bati,Hap3,Urban,Artificial,Immature
BA125_Ethiopia,NA,BA125,2018,Ethiopia,Major,Invasive,11.192,40.017,Amhara,Bati,Hap3,Urban,Artificial,Immature
BA127_Ethiopia,NA,BA127,2018,Ethiopia,Major,Invasive,11.192,40.017,Amhara,Bati,Hap3,Urban,Artificial,Immature
BA134_Ethiopia,NA,BA134,2018,Ethiopia,Major,Invasive,11.192,40.017,Amhara,Bati,Hap1,Urban,Artificial,Immature
BAB1021_Ethiopia,NA,BAB1021,2018,Ethiopia,Major,Invasive,11.192,40.017,Amhara,Bati,Hap3,Urban,Artificial,Immature
BAB1023_Ethiopia,NA,BAB1023,2018,Ethiopia,Major,Invasive,11.192,40.017,Amhara,Bati,Hap3,Urban,Artificial,Immature
BAB1029_Ethiopia,NA,BAB1029,2018,Ethiopia,Major,Invasive,11.192,40.017,Amhara,Bati,Hap3,Urban,Artificial,Immature
BAB1061_Ethiopia,NA,BAB1061,2018,Ethiopia,Major,Invasive,11.192,40.017,Amhara,Bati,Hap3,Urban,Artificial,Immature
BAB2002_Ethiopia,NA,BAB2002,2018,Ethiopia,Major,Invasive,11.192,40.017,Amhara,Bati,Hap3,Urban,Artificial,Immature
BAB2098_Ethiopia,NA,BAB2098,2018,Ethiopia,Major,Invasive,11.192,40.017,Amhara,Bati,Hap3,Urban,Artificial,Immature
BAB2113_Ethiopia,NA,BAB2113,2018,Ethiopia,Major,Invasive,11.192,40.017,Amhara,Bati,Hap3,Urban,Artificial,Immature
BAB2117_Ethiopia,NA,BAB2117,2018,Ethiopia,Major,Invasive,11.192,40.017,Amhara,Bati,Hap3,Urban,Artificial,Immature
BAB2128_Ethiopia,NA,BAB2128,2018,Ethiopia,Major,Invasive,11.192,40.017,Amhara,Bati,Hap3,Urban,Artificial,Immature
BAB2135_Ethiopia,NA,BAB2135,2018,Ethiopia,Major,Invasive,11.192,40.017,Amhara,Bati,Hap1,Urban,Artificial,Immature
DD003_Ethiopia,NA,DD003,2018,Ethiopia,Major,Invasive,9.596,41.854,Dire Dawa,DireDawa,Hap2,Urban,Household,Adult
DD2_Ethiopia,NA,DD2,2018,Ethiopia,Major,Invasive,9.596,41.854,Dire Dawa,Dire Dawa,Hap2,Urban,Household,Adult
DDB1019_Ethiopia,NA,DDB1019,2018,Ethiopia,Major,Invasive,9.596,41.854,Dire Dawa,Dire Dawa,Hap2,Urban,Artificial,Immature
DDB1030_Ethiopia,NA,DDB1030,2018,Ethiopia,Major,Invasive,9.596,41.854,Dire Dawa,DireDawa,Hap2,Urban,Artificial,Immature
DDB1056_Ethiopia,NA,DDB1056,2018,Ethiopia,Major,Invasive,9.596,41.854,Dire Dawa,DireDawa,Hap2,Urban,Artificial,Immature
DDB1081_Ethiopia,NA,DDB1081,2018,Ethiopia,Major,Invasive,9.596,41.854,Dire Dawa,DireDawa,Hap2,Urban,Artificial,Immature
DDB1082_Ethiopia,NA,DDB1082,2018,Ethiopia,Major,Invasive,9.596,41.854,Dire Dawa,DireDawa,Hap2,Urban,Artificial,Immature
DDB1095_Ethiopia,NA,DDB1095,2018,Ethiopia,Major,Invasive,9.596,41.854,Dire Dawa,DireDawa,Hap3,Urban,Artificial,Immature
DDB1097_Ethiopia,NA,DDB1097,2018,Ethiopia,Major,Invasive,9.596,41.854,Dire Dawa,DireDawa,Hap3,Urban,Artificial,Immature
DDB1099_Ethiopia,NA,DDB1099,2018,Ethiopia,Major,Invasive,9.596,41.854,Dire Dawa,DireDawa,Hap2,Urban,Artificial,Immature
DDB2002_Ethiopia,OM801701,DDB2002,2018,Ethiopia,Major,Invasive,9.596,41.854,Dire Dawa,Dire Dawa,Hap2,Urban,Artificial,Immature
DDB2012_Ethiopia,OM801700,DDB2012,2018,Ethiopia,Major,Invasive,9.596,41.854,Dire Dawa,Dire Dawa,Hap3,Urban,Artificial,Immature
DDB2028_Ethiopia,NA,DDB2028,2018,Ethiopia,Major,Invasive,9.596,41.854,Dire Dawa,DireDawa,Hap2,Urban,Artificial,Immature
DDB2095_Ethiopia,NA,DDB2095,2018,Ethiopia,Major,Invasive,9.596,41.854,Dire Dawa,DireDawa,Hap3,Urban,Artificial,Immature
DDB2100_Ethiopia,NA,DDB2100,2018,Ethiopia,Major,Invasive,9.596,41.854,Dire Dawa,DireDawa,Hap2,Urban,Artificial,Immature
DDB3002_Ethiopia,NA,DDB3002,2018,Ethiopia,Major,Invasive,9.596,41.854,Dire Dawa,DireDawa,Hap2,Urban,Artificial,Immature
DDB3008_Ethiopia,OM801699,DDB3008,2018,Ethiopia,Major,Invasive,9.596,41.854,Dire Dawa,DireDawa,Hap3,Urban,Artificial,Immature
DDB3022_Ethiopia,NA,DDB3022,2018,Ethiopia,Major,Invasive,9.596,41.854,Dire Dawa,DireDawa,Hap3,Urban,Artificial,Immature
DDB4010_Ethiopia,NA,DDB4010,2018,Ethiopia,Major,Invasive,9.596,41.854,Dire Dawa,DireDawa,Hap2,Urban,Artificial,Immature
DDB4017_Ethiopia,NA,DDB4017,2018,Ethiopia,Major,Invasive,9.596,41.854,Dire Dawa,DireDawa,Hap2,Urban,Artificial,Immature
DDB4019_Ethiopia,NA,DDB4019,2018,Ethiopia,Major,Invasive,9.596,41.854,Dire Dawa,DireDawa,Hap3,Urban,Artificial,Immature
DDB5004_Ethiopia,NA,DDB5004,2018,Ethiopia,Major,Invasive,9.596,41.854,Dire Dawa,DireDawa,Hap2,Urban,Artificial,Immature
DDB5009_Ethiopia,NA,DDB5009,2018,Ethiopia,Major,Invasive,9.596,41.854,Dire Dawa,DireDawa,Hap2,Urban,Artificial,Immature
DE001_Ethiopia,NA,DE001,2018,Ethiopia,Major,Invasive,8.223,43.558,Somali,Degehabur,Hap2,Urban,Household,Adult
DE002_Ethiopia,NA,DE002,2018,Ethiopia,Major,Invasive,8.223,43.558,Somali,Degehabur,Hap2,Urban,Household,Adult
DE003_Ethiopia,NA,DE003,2018,Ethiopia,Major,Invasive,8.223,43.558,Somali,Degehabur,Hap2,Urban,Household,Adult
DE004_Ethiopia,NA,DE004,2018,Ethiopia,Major,Invasive,8.223,43.558,Somali,Degehabur,Hap2,Urban,Household,Adult
DE005_Ethiopia,NA,DE005,2018,Ethiopia,Major,Invasive,8.223,43.558,Somali,Degehabur,Hap2,Urban,Household,Adult
DE006_Ethiopia,NA,DE006,2018,Ethiopia,Major,Invasive,8.223,43.558,Somali,Degehabur,Hap3,Urban,Household,Adult
DE007_Ethiopia,NA,DE007,2018,Ethiopia,Major,Invasive,8.223,43.558,Somali,Degehabur,Hap2,Urban,Household,Adult
DE008_Ethiopia,NA,DE008,2018,Ethiopia,Major,Invasive,8.223,43.558,Somali,Degehabur,Hap2,Urban,Household,Adult
DE009_Ethiopia,NA,DE009,2018,Ethiopia,Major,Invasive,8.223,43.558,Somali,Degehabur,Hap3,Urban,Household,Adult
DE010_Ethiopia,NA,DE010,2018,Ethiopia,Major,Invasive,8.223,43.558,Somali,Degehabur,Hap2,Urban,Household,Adult
DE011_Ethiopia,NA,DE011,2018,Ethiopia,Major,Invasive,8.223,43.558,Somali,Degehabur,Hap3,Urban,Household,Adult
DE012_Ethiopia,NA,DE012,2018,Ethiopia,Major,Invasive,8.223,43.558,Somali,Degehabur,Hap2,Urban,Household,Adult
DE052_Ethiopia,NA,DE052,2018,Ethiopia,Major,Invasive,8.223,43.558,Somali,Degehabur,Hap2,Urban,Artificial,Immature
DE36_Ethiopia,NA,DE36,2018,Ethiopia,Major,Invasive,8.223,43.558,Somali,Degehabur,Hap2,Urban,Artificial,Immature
DE421_Ethiopia,NA,DE421,2018,Ethiopia,Major,Invasive,8.223,43.558,Somali,Degehabur,Hap2,Urban,Artificial,Immature
ER001_Ethiopia,NA,ER001,2018,Ethiopia,Major,Invasive,9.556,41.384,Somali,Erer-Gota,Hap2,Urban,Household,Adult
ER002_Ethiopia,NA,ER002,2018,Ethiopia,Major,Invasive,9.556,41.384,Somali,Erer-Gota,Hap3,Urban,Household,Adult
ER003_Ethiopia,NA,ER003,2018,Ethiopia,Major,Invasive,9.556,41.384,Somali,Erer-Gota,Hap2,Urban,Household,Adult
ER004_Ethiopia,NA,ER004,2018,Ethiopia,Major,Invasive,9.556,41.384,Somali,Erer-Gota,Hap2,Urban,Household,Adult
ER005_Ethiopia,NA,ER005,2018,Ethiopia,Major,Invasive,9.556,41.384,Somali,Erer-Gota,Hap2,Urban,Household,Adult
ER006_Ethiopia,NA,ER006,2018,Ethiopia,Major,Invasive,9.556,41.384,Somali,Erer-Gota,Hap2,Urban,Household,Adult
ER007_Ethiopia,NA,ER007,2018,Ethiopia,Major,Invasive,9.556,41.384,Somali,Erer-Gota,Hap2,Urban,Household,Adult
ER008_Ethiopia,NA,ER008,2018,Ethiopia,Major,Invasive,9.556,41.384,Somali,Erer-Gota,Hap2,Urban,Household,Adult
ER009_Ethiopia,NA,ER009,2018,Ethiopia,Major,Invasive,9.556,41.384,Somali,Erer-Gota,Hap2,Urban,Household,Adult
ER011_Ethiopia,NA,ER011,2018,Ethiopia,Major,Invasive,9.556,41.384,Somali,Erer-Gota,Hap2,Urban,Household,Adult
ER012_Ethiopia,NA,ER012,2018,Ethiopia,Major,Invasive,9.556,41.384,Somali,Erer-Gota,Hap2,Urban,Household,Adult
ER013_Ethiopia,NA,ER013,2018,Ethiopia,Major,Invasive,9.556,41.384,Somali,Erer-Gota,Hap2,Urban,Household,Adult
ER014_Ethiopia,NA,ER014,2018,Ethiopia,Major,Invasive,9.556,41.384,Somali,Erer-Gota,Hap2,Urban,Household,Adult
ER10_Ethiopia,NA,ER10,2018,Ethiopia,Major,Invasive,9.556,41.384,Somali,Erer-Gota,Hap2,Urban,Household,Adult
ER13_Ethiopia,NA,ER13,2018,Ethiopia,Major,Invasive,9.556,41.384,Somali,Erer-Gota,Hap2,Urban,Household,Adult
ER14_Ethiopia,NA,ER14,2018,Ethiopia,Major,Invasive,9.556,41.384,Somali,Erer-Gota,Hap2,Urban,Household,Adult
ERB1002_Ethiopia,NA,ERB1002,2018,Ethiopia,Major,Invasive,9.556,41.384,Somali,Erer-Gota,Hap2,Urban,Artificial,Immature
ERB1022_Ethiopia,NA,ERB1022,2018,Ethiopia,Major,Invasive,9.556,41.384,Somali,Erer-Gota,Hap2,Urban,Artificial,Immature
ERB1025_Ethiopia,NA,ERB1025,2018,Ethiopia,Major,Invasive,9.556,41.384,Somali,Erer-Gota,Hap2,Urban,Artificial,Immature
ERB1030_Ethiopia,NA,ERB1030,2018,Ethiopia,Major,Invasive,9.556,41.384,Somali,Erer-Gota,Hap2,Urban,Artificial,Immature
ERB1033_Ethiopia,NA,ERB1033,2018,Ethiopia,Major,Invasive,9.556,41.384,Somali,Erer-Gota,Hap2,Urban,Artificial,Immature
ERB1034_Ethiopia,NA,ERB1034,2018,Ethiopia,Major,Invasive,9.556,41.384,Somali,Erer-Gota,Hap2,Urban,Artificial,Immature
GD002_Ethiopia,NA,GD002,2018,Ethiopia,Major,Invasive,5.949,43.553,Somali,Godey,Hap3,Urban,Household,Adult
GD008_Ethiopia,OM801702,GD008,2018,Ethiopia,Major,Invasive,5.949,43.553,Somali,Godey,Hap2,Urban,Artificial,Immature
GD012_Ethiopia,OM801698,GD012,2018,Ethiopia,Major,Invasive,5.949,43.553,Somali,Godey,Hap2,Urban,Artificial,Immature
GD021_Ethiopia,OM801703,GD021,2018,Ethiopia,Major,Invasive,5.949,43.553,Somali,Godey,Hap2,Urban,Artificial,Immature
GD047_Ethiopia,OM801704,GD047,2018,Ethiopia,Major,Invasive,5.949,43.553,Somali,Godey,Hap2,Urban,Artificial,Immature
GD1_Ethiopia,NA,GD1,2018,Ethiopia,Major,Invasive,5.949,43.553,Somali,Godey,Hap2,Urban,Household,Adult
GD2_Ethiopia,NA,GD2,2018,Ethiopia,Major,Invasive,5.949,43.553,Somali,Godey,Hap2,Urban,Household,Adult
GDB1010_Ethiopia,NA,GDB1010,2018,Ethiopia,Major,Invasive,5.949,43.553,Somali,Godey,Hap2,Urban,Artificial,Immature
GDB1012_Ethiopia,NA,GDB1012,2018,Ethiopia,Major,Invasive,5.949,43.553,Somali,Godey,Hap2,Urban,Artificial,Immature
GDB1018_Ethiopia,NA,GDB1018,2018,Ethiopia,Major,Invasive,5.949,43.553,Somali,Godey,Hap2,Urban,Artificial,Immature
GDB1022_Ethiopia,NA,GDB1022,2018,Ethiopia,Major,Invasive,5.949,43.553,Somali,Godey,Hap2,Urban,Artificial,Immature
GDB1030_Ethiopia,NA,GDB1030,2018,Ethiopia,Major,Invasive,5.949,43.553,Somali,Godey,Hap2,Urban,Artificial,Immature
GDB1033_Ethiopia,NA,GDB1033,2018,Ethiopia,Major,Invasive,5.949,43.553,Somali,Godey,Hap2,Urban,Artificial,Immature
GDB1037_Ethiopia,NA,GDB1037,2018,Ethiopia,Major,Invasive,5.949,43.553,Somali,Godey,Hap2,Urban,Artificial,Immature
GDB1042_Ethiopia,NA,GDB1042,2018,Ethiopia,Major,Invasive,5.949,43.553,Somali,Godey,Hap2,Urban,Artificial,Immature
GDB1046_Ethiopia,NA,GDB1046,2018,Ethiopia,Major,Invasive,5.949,43.553,Somali,Godey,Hap2,Urban,Artificial,Immature
GDB1052_Ethiopia,NA,GDB1052,2018,Ethiopia,Major,Invasive,5.949,43.553,Somali,Godey,Hap2,Urban,Artificial,Immature
GDB1054_Ethiopia,NA,GDB1054,2018,Ethiopia,Major,Invasive,5.949,43.553,Somali,Godey,Hap2,Urban,Artificial,Immature
GDB1057_Ethiopia,NA,GDB1057,2018,Ethiopia,Major,Invasive,5.949,43.553,Somali,Godey,Hap2,Urban,Artificial,Immature
GDB3007_Ethiopia,OM801705,GDB3007,2018,Ethiopia,Major,Invasive,5.949,43.553,Somali,Godey,Hap2,Urban,Artificial,Immature
GDB3014_Ethiopia,OM801706,GDB3014,2018,Ethiopia,Major,Invasive,5.949,43.553,Somali,Godey,Hap2,Urban,Artificial,Immature
GDB3017_Ethiopia,NA,GDB3017,2018,Ethiopia,Major,Invasive,5.949,43.553,Somali,Godey,Hap2,Urban,Artificial,Immature
GDB3035_Ethiopia,OM801707,GDB3035,2018,Ethiopia,Major,Invasive,5.949,43.553,Somali,Godey,Hap2,Urban,Artificial,Immature
GDB3058_Ethiopia,NA,GDB3058,2018,Ethiopia,Major,Invasive,5.949,43.553,Somali,Godey,Hap2,Urban,Artificial,Immature
GW001_Ethiopia,NA,GW001,2018,Ethiopia,Major,Invasive,10.166,40.646,Afar,Gewane,Hap2,Urban,Artificial,Immature
GW002_Ethiopia,NA,GW002,2018,Ethiopia,Major,Invasive,10.166,40.646,Afar,Gewane,Hap2,Urban,Artificial,Immature
GW003_Ethiopia,NA,GW003,2018,Ethiopia,Major,Invasive,10.166,40.646,Afar,Gewane,Hap2,Urban,Artificial,Immature
GW005_Ethiopia,NA,GW005,2018,Ethiopia,Major,Invasive,10.166,40.646,Afar,Gewane,Hap2,Urban,Artificial,Immature
GW006_Ethiopia,NA,GW006,2018,Ethiopia,Major,Invasive,10.166,40.646,Afar,Gewane,Hap4,Urban,Artificial,Immature
GW008_Ethiopia,NA,GW008,2018,Ethiopia,Major,Invasive,10.166,40.646,Afar,Gewane,Hap3,Urban,Artificial,Immature
GW009_Ethiopia,NA,GW009,2018,Ethiopia,Major,Invasive,10.166,40.646,Afar,Gewane,Hap2,Urban,Artificial,Immature
GW036_Ethiopia,NA,GW036,2018,Ethiopia,Major,Invasive,10.166,40.646,Afar,Gewane,Hap3,Urban,Artificial,Immature
GW040_Ethiopia,NA,GW040,2018,Ethiopia,Major,Invasive,10.166,40.646,Afar,Gewane,Hap3,Urban,Artificial,Immature
GW041_Ethiopia,NA,GW041,2018,Ethiopia,Major,Invasive,10.166,40.646,Afar,Gewane,Hap3,Urban,Artificial,Immature
GW054_Ethiopia,NA,GW054,2018,Ethiopia,Major,Invasive,10.166,40.646,Afar,Gewane,Hap3,Urban,Artificial,Immature
GW078_Ethiopia,NA,GW078,2018,Ethiopia,Major,Invasive,10.166,40.646,Afar,Gewane,Hap3,Urban,Artificial,Immature
GW080_Ethiopia,NA,GW080,2018,Ethiopia,Major,Invasive,10.166,40.646,Afar,Gewane,Hap3,Urban,Artificial,Immature
GW19_Ethiopia,NA,GW19,2018,Ethiopia,Major,Invasive,10.166,40.646,Afar,Gewane,Hap3,Urban,Artificial,Immature
GW4_Ethiopia,NA,GW4,2018,Ethiopia,Major,Invasive,10.166,40.646,Afar,Gewane,Hap3,Urban,Artificial,Immature
Hap1_Ethiopia,OK663479,Hap1,2018,Ethiopia,Major,Invasive,NA,NA,NA,NA,Hap1,NA,NA,NA
Hap2_Ethiopia,OK663480,Hap2,2018,Ethiopia,Major,Invasive,NA,NA,NA,NA,Hap2,NA,NA,NA
Hap3_Ethiopia,OK663481,Hap3,2018,Ethiopia,Major,Invasive,NA,NA,NA,NA,Hap3,NA,NA,NA
Hap4_Ethiopia,OK663482,Hap4,2018,Ethiopia,Major,Invasive,NA,NA,NA,NA,Hap4,NA,NA,NA
Hap5_Ethiopia,OK663483,Hap5,2018,Ethiopia,Major,Invasive,NA,NA,NA,NA,Hap5,NA,NA,NA
Hap6_Ethiopia,OK663484,Hap6,2018,Ethiopia,Major,Invasive,NA,NA,NA,NA,Hap9,NA,NA,NA
JJ001_Ethiopia,NA,JJ001,2018,Ethiopia,Major,Invasive,9.351,42.793,Somali,Jijiga,Hap1,Urban,Artificial,Immature
JJ002_Ethiopia,NA,JJ002,2018,Ethiopia,Major,Invasive,9.351,42.793,Somali,Jijiga,Hap1,Urban,Artificial,Immature
JJ003_Ethiopia,NA,JJ003,2018,Ethiopia,Major,Invasive,9.351,42.793,Somali,Jijiga,Hap2,Urban,Artificial,Immature
JJ004_Ethiopia,NA,JJ004,2018,Ethiopia,Major,Invasive,9.351,42.793,Somali,Jijiga,Hap2,Urban,Artificial,Immature
JJ005_Ethiopia,NA,JJ005,2018,Ethiopia,Major,Invasive,9.351,42.793,Somali,Jijiga,Hap2,Urban,Artificial,Immature
JJ006_Ethiopia,NA,JJ006,2018,Ethiopia,Major,Invasive,9.351,42.793,Somali,Jijiga,Hap2,Urban,Artificial,Immature
JJ008_Ethiopia,NA,JJ008,2018,Ethiopia,Major,Invasive,9.351,42.793,Somali,Jijiga,Hap2,Urban,Artificial,Immature
JJ010_Ethiopia,NA,JJ010,2018,Ethiopia,Major,Invasive,9.351,42.793,Somali,Jijiga,Hap1,Urban,Artificial,Immature
JJ012_Ethiopia,NA,JJ012,2018,Ethiopia,Major,Invasive,9.351,42.793,Somali,Jijiga,Hap2,Urban,Artificial,Immature
JJ013_Ethiopia,NA,JJ013,2018,Ethiopia,Major,Invasive,9.351,42.793,Somali,Jijiga,Hap2,Urban,Artificial,Immature
JJ014_Ethiopia,NA,JJ014,2018,Ethiopia,Major,Invasive,9.351,42.793,Somali,Jijiga,Hap1,Urban,Artificial,Immature
JJ015_Ethiopia,NA,JJ015,2018,Ethiopia,Major,Invasive,9.351,42.793,Somali,Jijiga,Hap2,Urban,Artificial,Immature
JJ063_Ethiopia,NA,JJ063,2018,Ethiopia,Major,Invasive,9.351,42.793,Somali,Jijiga,Hap2,Urban,Artificial,Immature
JJ1_Ethiopia,NA,JJ1,2018,Ethiopia,Major,Invasive,9.351,42.793,Somali,Jijiga,Hap2,Urban,Artificial,Immature
KB002_Ethiopia,NA,KB002,2018,Ethiopia,Major,Invasive,6.738,44.277,Somali,Kebridehar,Hap2,Urban,Household,Adult
KB003_Ethiopia,NA,KB003,2018,Ethiopia,Major,Invasive,6.738,44.277,Somali,Kebridehar,Hap2,Urban,Household,Adult
KB004_Ethiopia,NA,KB004,2018,Ethiopia,Major,Invasive,6.738,44.277,Somali,Kebridehar,Hap2,Urban,Household,Adult
KB005_Ethiopia,NA,KB005,2018,Ethiopia,Major,Invasive,6.738,44.277,Somali,Kebridehar,Hap9,Urban,Artificial,Immature
KB014_Ethiopia,NA,KB014,2018,Ethiopia,Major,Invasive,6.738,44.277,Somali,Kebridehar,Hap2,Urban,Artificial,Immature
KB015_Ethiopia,NA,KB015,2018,Ethiopia,Major,Invasive,6.738,44.277,Somali,Kebridehar,Hap2,Urban,Artificial,Immature
KB020_Ethiopia,OM801692,KB020,2018,Ethiopia,Major,Invasive,6.738,44.277,Somali,Kebridehar,Hap2,Urban,Artificial,Immature
KB034_Ethiopia,NA,KB034,2018,Ethiopia,Major,Invasive,6.738,44.277,Somali,Kebridehar,Hap2,Urban,Artificial,Immature
KB043_Ethiopia,NA,KB043,2018,Ethiopia,Major,Invasive,6.738,44.277,Somali,Kebridehar,Hap2,Urban,Artificial,Immature
KB048_Ethiopia,NA,KB048,2018,Ethiopia,Major,Invasive,6.738,44.277,Somali,Kebridehar,Hap2,Urban,Artificial,Immature
KB049_Ethiopia,OM801693,KB049,2018,Ethiopia,Major,Invasive,6.738,44.277,Somali,Kebridehar,Hap2,Urban,Artificial,Immature
SM001_Ethiopia,NA,SM001,2018,Ethiopia,Major,Invasive,11.794,41.008,Afar,Semera,Hap1,Urban,Household,Adult
SM002_Ethiopia,NA,SM002,2018,Ethiopia,Major,Invasive,11.794,41.008,Afar,Semera,Hap3,Urban,Household,Adult
SM003_Ethiopia,NA,SM003,2018,Ethiopia,Major,Invasive,11.794,41.008,Afar,Semera,Hap3,Urban,Household,Adult
SM006_Ethiopia,OM801690,SM006,2018,Ethiopia,Major,Invasive,11.794,41.008,Afar,Semera,NA,Urban,Artificial,Adult
SM007_Ethiopia,NA,SM007,2018,Ethiopia,Major,Invasive,11.794,41.008,Afar,Semera,Hap2,Urban,Household,Adult
SM009_Ethiopia,NA,SM009,2018,Ethiopia,Major,Invasive,11.794,41.008,Afar,Semera,Hap3,Urban,Household,Adult
SM010_Ethiopia,NA,SM010,2018,Ethiopia,Major,Invasive,11.794,41.008,Afar,Semera,Hap1,Urban,Household,Adult
SM011_Ethiopia,NA,SM011,2018,Ethiopia,Major,Invasive,11.794,41.008,Afar,Semera,Hap2,Urban,Household,Adult
SM012_Ethiopia,NA,SM012,2018,Ethiopia,Major,Invasive,11.794,41.008,Afar,Semera,Hap3,Urban,Household,Adult
SM013_Ethiopia,NA,SM013,2018,Ethiopia,Major,Invasive,11.794,41.008,Afar,Semera,Hap3,Urban,Household,Adult
SM014_Ethiopia,NA,SM014,2018,Ethiopia,Major,Invasive,11.794,41.008,Afar,Semera,Hap4,Urban,Household,Adult
SM015_Ethiopia,NA,SM015,2018,Ethiopia,Major,Invasive,11.794,41.008,Afar,Semera,Hap2,Urban,Household,Adult
SM016_Ethiopia,NA,SM016,2018,Ethiopia,Major,Invasive,11.794,41.008,Afar,Semera,Hap3,Urban,Household,Adult
SM017_Ethiopia,NA,SM017,2018,Ethiopia,Major,Invasive,11.794,41.008,Afar,Semera,Hap2,Urban,Household,Adult
SM018_Ethiopia,NA,SM018,2018,Ethiopia,Major,Invasive,11.794,41.008,Afar,Semera,Hap4,Urban,Household,Adult
SM019_Ethiopia,NA,SM019,2018,Ethiopia,Major,Invasive,11.794,41.008,Afar,Semera,Hap3,Urban,Household,Adult
SM021_Ethiopia,NA,SM021,2018,Ethiopia,Major,Invasive,11.794,41.008,Afar,Semera,Hap3,Urban,Household,Adult
SM022_Ethiopia,NA,SM022,2018,Ethiopia,Major,Invasive,11.794,41.008,Afar,Semera,Hap2,Urban,Household,Adult
SM023_Ethiopia,NA,SM023,2018,Ethiopia,Major,Invasive,11.794,41.008,Afar,Semera,Hap4,Urban,Household,Adult
SM024_Ethiopia,NA,SM024,2018,Ethiopia,Major,Invasive,11.794,41.008,Afar,Semera,Hap1,Urban,Household,Adult
SM025_Ethiopia,NA,SM025,2018,Ethiopia,Major,Invasive,11.794,41.008,Afar,Semera,Hap2,Urban,Household,Adult
SM026_Ethiopia,NA,SM026,2018,Ethiopia,Major,Invasive,11.794,41.008,Afar,Semera,Hap3,Urban,Household,Adult
SM029_Ethiopia,NA,SM029,2018,Ethiopia,Major,Invasive,11.794,41.008,Afar,Semera,Hap2,Urban,Household,Adult
SM030_Ethiopia,NA,SM030,2018,Ethiopia,Major,Invasive,11.794,41.008,Afar,Semera,Hap3,Urban,Household,Adult
SM031_Ethiopia,NA,SM031,2018,Ethiopia,Major,Invasive,11.794,41.008,Afar,Semera,Hap3,Urban,Household,Adult
SM032_Ethiopia,NA,SM032,2018,Ethiopia,Major,Invasive,11.794,41.008,Afar,Semera,Hap3,Urban,Household,Adult
SM034_Ethiopia,NA,SM034,2018,Ethiopia,Major,Invasive,11.794,41.008,Afar,Semera,Hap2,Urban,Household,Adult
SM035_Ethiopia,NA,SM035,2018,Ethiopia,Major,Invasive,11.794,41.008,Afar,Semera,Hap4,Urban,Household,Adult
SM042_Ethiopia,NA,SM042,2018,Ethiopia,Major,Invasive,11.794,41.008,Afar,Semera,Hap4,Urban,Household,Adult
SM043_Ethiopia,NA,SM043,2018,Ethiopia,Major,Invasive,11.794,41.008,Afar,Semera,Hap3,Urban,Household,Adult
SM045_Ethiopia,OM801691,SM045,2018,Ethiopia,Major,Invasive,11.794,41.008,Afar,Semera,Hap2,Urban,Artificial,Adult
SM147_Ethiopia,OM801708,SM147,2018,Ethiopia,Major,Invasive,11.794,41.008,Afar,Semera,Hap3,Urban,Artificial,Immature
SM156_Ethiopia,OM801695,SM156,2018,Ethiopia,Major,Invasive,11.794,41.008,Afar,Semera,Hap3,Urban,Artificial,Immature
SM178_Ethiopia,OM801694,SM178,2018,Ethiopia,Major,Invasive,11.794,41.008,Afar,Semera,Hap3,Urban,Artificial,Immature
SM226_Ethiopia,OM801696,SM226,2018,Ethiopia,Major,Invasive,11.794,41.008,Afar,Semera,Hap4,Urban,Artificial,Immature
SM228_Ethiopia,OM801697,SM228,2018,Ethiopia,Major,Invasive,11.794,41.008,Afar,Semera,Hap3,Urban,Artificial,Immature
S220002_Ethiopia,NA,S220002,2022,Ethiopia,Major,Invasive,NA,NA,Somali,Fiq,Hap2,Urban,Artificial,Immature
S220003_Ethiopia,NA,S220003,2022,Ethiopia,Major,Invasive,NA,NA,Somali,Fiq,Hap2,Urban,Artificial,Immature
S220004_Ethiopia,NA,S220004,2022,Ethiopia,Major,Invasive,NA,NA,Somali,Fiq,Hap2,Urban,Artificial,Immature
S220005_Ethiopia,NA,S220005,2022,Ethiopia,Major,Invasive,NA,NA,Somali,Fiq,Hap2,Urban,Artificial,Immature
S220006_Ethiopia,NA,S220006,2022,Ethiopia,Major,Invasive,NA,NA,Somali,Fiq,Hap2,Urban,Artificial,Immature
S220007_Ethiopia,NA,S220007,2022,Ethiopia,Major,Invasive,NA,NA,Somali,Fiq,Hap2,Urban,Artificial,Immature
S220008_Ethiopia,NA,S220008,2022,Ethiopia,Major,Invasive,NA,NA,Somali,Fiq,Hap2,Urban,Artificial,Immature
S220009_Ethiopia,NA,S220009,2022,Ethiopia,Major,Invasive,NA,NA,Somali,Fiq,Hap2,Urban,Artificial,Immature
S220010_Ethiopia,NA,S220010,2022,Ethiopia,Major,Invasive,NA,NA,Somali,Fiq,Hap2,Urban,Artificial,Immature
S220011_Ethiopia,NA,S220011,2022,Ethiopia,Major,Invasive,NA,NA,Somali,Fiq,Hap2,Urban,Artificial,Immature
S220012_Ethiopia,NA,S220012,2022,Ethiopia,Major,Invasive,NA,NA,Somali,Fiq,Hap2,Urban,Artificial,Immature
S220013_Ethiopia,NA,S220013,2022,Ethiopia,Major,Invasive,NA,NA,Somali,Fiq,Hap2,Urban,Artificial,Immature
S220014_Ethiopia,NA,S220014,2022,Ethiopia,Major,Invasive,NA,NA,Somali,Fiq,Hap2,Urban,Artificial,Immature
S220357_Ethiopia,NA,S220357,2022,Ethiopia,Major,Invasive,NA,NA,Somali,Fiq,Hap2,Urban,Artificial,Immature
S220358_Ethiopia,NA,S220358,2022,Ethiopia,Major,Invasive,NA,NA,Somali,Fiq,Hap2,Urban,Artificial,Immature
S220360_Ethiopia,NA,S220360,2022,Ethiopia,Major,Invasive,NA,NA,Somali,Fiq,Hap2,Urban,Artificial,Immature
S220361_Ethiopia,NA,S220361,2022,Ethiopia,Major,Invasive,NA,NA,Somali,Fiq,Hap2,Urban,Artificial,Immature
S220363_Ethiopia,NA,S220363,2022,Ethiopia,Major,Invasive,NA,NA,Somali,Fiq,Hap2,Urban,Artificial,Immature
S220364_Ethiopia,NA,S220364,2022,Ethiopia,Major,Invasive,NA,NA,Somali,Fiq,Hap2,Urban,Artificial,Immature
S220377_Ethiopia,NA,S220377,2022,Ethiopia,Major,Invasive,NA,NA,Somali,Jijiga,Hap1,Urban,Artifical,Immature
S220378_Ethiopia,NA,S220378,2022,Ethiopia,Major,Invasive,NA,NA,Somali,Jijiga,Hap1,Urban,Artifical,Immature
S220379_Ethiopia,NA,S220379,2022,Ethiopia,Major,Invasive,NA,NA,Somali,Jijiga,Hap2,Urban,Artifical,Immature
S220380_Ethiopia,NA,S220380,2022,Ethiopia,Major,Invasive,NA,NA,Somali,Jijiga,Hap2,Urban,Artifical,Immature
S220381_Ethiopia,NA,S220381,2022,Ethiopia,Major,Invasive,NA,NA,Somali,Jijiga,Hap2,Urban,Artifical,Immature
S220382_Ethiopia,NA,S220382,2022,Ethiopia,Major,Invasive,NA,NA,Somali,Jijiga,Hap2,Urban,Artifical,Immature
S220383_Ethiopia,NA,S220383,2022,Ethiopia,Major,Invasive,NA,NA,Somali,Jijiga,Hap3,Urban,Artifical,Immature
S220384_Ethiopia,NA,S220384,2022,Ethiopia,Major,Invasive,NA,NA,Somali,Jijiga,Hap2,Urban,Artifical,Immature
S220385_Ethiopia,NA,S220385,2022,Ethiopia,Major,Invasive,NA,NA,Somali,Jijiga,Hap1,Urban,Artifical,Immature
S220386_Ethiopia,NA,S220386,2022,Ethiopia,Major,Invasive,NA,NA,Somali,Jijiga,Hap1,Urban,Artifical,Immature
S220387_Ethiopia,NA,S220387,2022,Ethiopia,Major,Invasive,NA,NA,Somali,Jijiga,Hap2,Urban,Artifical,Immature
S220389_Ethiopia,NA,S220389,2022,Ethiopia,Major,Invasive,NA,NA,Somali,Jijiga,Hap1,Urban,Artifical,Immature
S220390_Ethiopia,NA,S220390,2022,Ethiopia,Major,Invasive,NA,NA,Somali,Jijiga,Hap1,Urban,Artifical,Immature
S220391_Ethiopia,NA,S220391,2022,Ethiopia,Major,Invasive,NA,NA,Somali,Jijiga,Hap1,Urban,Artifical,Immature
S220392_Ethiopia,NA,S220392,2022,Ethiopia,NA,Invasive,NA,NA,Somali,Jijiga,NA,Urban,Artifical,Immature
S220393_Ethiopia,NA,S220393,2022,Ethiopia,Major,Invasive,NA,NA,Somali,Jijiga,Hap2,Urban,Artifical,Immature
S220394_Ethiopia,NA,S220394,2022,Ethiopia,Major,Invasive,NA,NA,Somali,Jijiga,Hap1,Urban,Artifical,Immature
Babi_I_01_Ethiopia,ERR13818143,Babi_I_01,2023,Ethiopia,Major,Invasive,9.2,41,Oromia,Babile,Hap2,Rural,NA,Immature
Babi_I_02_Ethiopia,ERR13818144,Babi_I_02,2023,Ethiopia,Major,Invasive,9.2,41,Oromia,Babile,Hap2,Rural,NA,Immature
Babi_I_03_Ethiopia,ERR13818145,Babi_I_03,2023,Ethiopia,Major,Invasive,9.2,41,Oromia,Babile,Hap2,Rural,NA,Immature
Babi_I_04_Ethiopia,ERR13818146,Babi_I_04,2023,Ethiopia,Major,Invasive,9.2,41,Oromia,Babile,Hap2,Rural,NA,Immature
Babi_I_05_Ethiopia,ERR13818147,Babi_I_05,2023,Ethiopia,Major,Invasive,9.2,41,Oromia,Babile,Hap2,Rural,NA,Immature
Babi_I_06_Ethiopia,ERR13818148,Babi_I_06,2023,Ethiopia,Major,Invasive,9.2,41,Oromia,Babile,Hap2,Rural,NA,Immature
Babi_I_07_Ethiopia,ERR13818149,Babi_I_07,2023,Ethiopia,Major,Invasive,9.2,41,Oromia,Babile,Hap2,Rural,NA,Immature
Babi_I_08_Ethiopia,ERR13818150,Babi_I_08,2023,Ethiopia,Major,Invasive,9.2,41,Oromia,Babile,Hap2,Rural,NA,Immature
Babi_I_09_Ethiopia,ERR13818151,Babi_I_09,2023,Ethiopia,Major,Invasive,9.2,41,Oromia,Babile,Hap2,Rural,NA,Immature
Babi_I_10_Ethiopia,ERR13818152,Babi_I_10,2023,Ethiopia,Major,Invasive,9.2,41,Oromia,Babile,Hap2,Rural,NA,Immature
Babi_I_11_Ethiopia,ERR13818153,Babi_I_11,2023,Ethiopia,Major,Invasive,9.2,41,Oromia,Babile,Hap2,Rural,NA,Immature
Babi_I_12_Ethiopia,ERR13818154,Babi_I_12,2023,Ethiopia,Major,Invasive,9.2,41,Oromia,Babile,Hap2,Rural,NA,Immature
Babi_I_13_Ethiopia,ERR13818155,Babi_I_13,2023,Ethiopia,Major,Invasive,9.2,41,Oromia,Babile,Hap2,Rural,NA,Immature
Babi_I_14_Ethiopia,ERR13818156,Babi_I_14,2023,Ethiopia,Major,Invasive,9.2,41,Oromia,Babile,Hap2,Rural,NA,Immature
Babi_I_15_Ethiopia,ERR13818157,Babi_I_15,2023,Ethiopia,Major,Invasive,9.2,41,Oromia,Babile,Hap2,Rural,NA,Immature
Babi_I_16_Ethiopia,ERR13818158,Babi_I_16,2023,Ethiopia,Major,Invasive,9.2,41,Oromia,Babile,Hap2,Rural,NA,Immature
Babi_I_17_Ethiopia,ERR13818159,Babi_I_17,2023,Ethiopia,Major,Invasive,9.2,41,Oromia,Babile,Hap2,Rural,NA,Immature
Babi_I_18_Ethiopia,ERR13818160,Babi_I_18,2023,Ethiopia,Major,Invasive,9.2,41,Oromia,Babile,Hap2,Rural,NA,Immature
Babi_I_19_Ethiopia,ERR13818161,Babi_I_19,2023,Ethiopia,Major,Invasive,9.2,41,Oromia,Babile,Hap2,Rural,NA,Immature
Dana_I_12_Ethiopia,ERR13818163,Dana_I_12,2023,Ethiopia,Major,Invasive,6.5134968,43.494244,Somali,Danan,Hap2,Urban,NA,Immature
Dana_I_13_Ethiopia,ERR13818164,Dana_I_13,2023,Ethiopia,Major,Invasive,6.5134968,43.494244,Somali,Danan,Hap2,Urban,NA,Immature
Dana_I_14_Ethiopia,ERR13818165,Dana_I_14,2023,Ethiopia,Major,Invasive,6.5134968,43.494244,Somali,Danan,Hap2,Urban,NA,Immature
Dana_I_16_Ethiopia,ERR13818166,Dana_I_16,2023,Ethiopia,Major,Invasive,6.5134968,43.494244,Somali,Danan,Hap2,Urban,NA,Immature
Dana_I_17_Ethiopia,ERR13818167,Dana_I_17,2023,Ethiopia,Major,Invasive,6.5134968,43.494244,Somali,Danan,Hap2,Urban,NA,Immature
Dana_I_18_Ethiopia,ERR13818168,Dana_I_18,2023,Ethiopia,Major,Invasive,6.5134968,43.494244,Somali,Danan,Hap2,Urban,NA,Immature
Dana_I_19_Ethiopia,ERR13818169,Dana_I_19,2023,Ethiopia,Major,Invasive,6.5134968,43.494244,Somali,Danan,Hap2,Urban,NA,Immature
Dana_I_20_Ethiopia,ERR13818170,Dana_I_20,2023,Ethiopia,Major,Invasive,6.5134968,43.494244,Somali,Danan,Hap2,Urban,NA,Immature
Dana_I_21_Ethiopia,ERR13818171,Dana_I_21,2023,Ethiopia,Major,Invasive,6.5134968,43.494244,Somali,Danan,Hap2,Urban,NA,Immature
Dana_I_22_Ethiopia,ERR13818172,Dana_I_22,2023,Ethiopia,Major,Invasive,6.5134968,43.494244,Somali,Danan,Hap2,Urban,NA,Immature
Dana_I_23_Ethiopia,ERR13818173,Dana_I_23,2023,Ethiopia,Major,Invasive,6.5134968,43.494244,Somali,Danan,Hap2,Urban,NA,Immature
Dana_I_24_Ethiopia,ERR13818174,Dana_I_24,2023,Ethiopia,Major,Invasive,6.5134968,43.494244,Somali,Danan,Hap2,Urban,NA,Immature
Dana_I_25_Ethiopia,ERR13818175,Dana_I_25,2023,Ethiopia,Major,Invasive,6.5134968,43.494244,Somali,Danan,Hap2,Urban,NA,Immature
Dana_I_26_Ethiopia,ERR13818176,Dana_I_26,2023,Ethiopia,Major,Invasive,6.5134968,43.494244,Somali,Danan,Hap2,Urban,NA,Immature
Dana_I_27_Ethiopia,ERR13818177,Dana_I_27,2023,Ethiopia,Major,Invasive,6.5134968,43.494244,Somali,Danan,Hap2,Urban,NA,Immature
Dana_I_28_Ethiopia,ERR13818178,Dana_I_28,2023,Ethiopia,Major,Invasive,6.5134968,43.494244,Somali,Danan,Hap2,Urban,NA,Immature
Dana_I_29_Ethiopia,ERR13818179,Dana_I_29,2023,Ethiopia,Major,Invasive,6.5134968,43.494244,Somali,Danan,Hap2,Urban,NA,Immature
Dana_I_30_Ethiopia,ERR13818180,Dana_I_30,2023,Ethiopia,Major,Invasive,6.5134968,43.494244,Somali,Danan,Hap2,Urban,NA,Immature
Dubt_I_02_Ethiopia,ERR13818205,Dubt_I_02,2023,Ethiopia,Major,Invasive,11.733333,41.083333,Afar,Dubti,Hap3,Urban,NA,Immature
Dubt_I_03_Ethiopia,ERR13818206,Dubt_I_03,2023,Ethiopia,Major,Invasive,11.733333,41.083333,Afar,Dubti,Hap2,Urban,NA,Immature
Dubt_I_04_Ethiopia,ERR13818207,Dubt_I_04,2023,Ethiopia,Major,Invasive,11.733333,41.083333,Afar,Dubti,Hap2,Urban,NA,Immature
Dubt_I_05_Ethiopia,ERR13818208,Dubt_I_05,2023,Ethiopia,Major,Invasive,11.733333,41.083333,Afar,Dubti,Hap2,Urban,NA,Immature
Dubt_I_06_Ethiopia,ERR13818209,Dubt_I_06,2023,Ethiopia,Major,Invasive,11.733333,41.083333,Afar,Dubti,Hap2,Urban,NA,Immature
Dubt_I_07_Ethiopia,ERR13818210,Dubt_I_07,2023,Ethiopia,Major,Invasive,11.733333,41.083333,Afar,Dubti,Hap4,Urban,NA,Immature
Dubt_I_10_Ethiopia,ERR13818211,Dubt_I_10,2023,Ethiopia,Major,Invasive,11.733333,41.083333,Afar,Dubti,Hap2,Urban,NA,Immature
Dubt_I_12_Ethiopia,ERR13818213,Dubt_I_12,2023,Ethiopia,Major,Invasive,11.733333,41.083333,Afar,Dubti,Hap2,Urban,NA,Immature
Dubt_I_15_Ethiopia,ERR13818214,Dubt_I_15,2023,Ethiopia,Major,Invasive,11.733333,41.083333,Afar,Dubti,Hap2,Urban,NA,Immature
Dubt_I_16_Ethiopia,ERR13818215,Dubt_I_16,2023,Ethiopia,Major,Invasive,11.733333,41.083333,Afar,Dubti,Hap4,Urban,NA,Immature
Dubt_I_19_Ethiopia,ERR13818212,Dubt_I_19,2023,Ethiopia,Major,Invasive,11.733333,41.083333,Afar,Dubti,Hap2,Urban,NA,Immature
Dubt_I_20_Ethiopia,ERR13818217,Dubt_I_20,2023,Ethiopia,Major,Invasive,11.733333,41.083333,Afar,Dubti,Hap2,Urban,NA,Immature
Dubt_I_22_Ethiopia,ERR13818218,Dubt_I_22,2023,Ethiopia,Major,Invasive,11.733333,41.083333,Afar,Dubti,Hap3,Urban,NA,Immature
Dubt_I_23_Ethiopia,ERR13818219,Dubt_I_23,2023,Ethiopia,Major,Invasive,11.733333,41.083333,Afar,Dubti,Hap2,Urban,NA,Immature
Dubt_I_26_Ethiopia,ERR13818220,Dubt_I_26,2023,Ethiopia,Major,Invasive,11.733333,41.083333,Afar,Dubti,Hap2,Urban,NA,Immature
Dubt_I_27_Ethiopia,ERR13818221,Dubt_I_27,2023,Ethiopia,Major,Invasive,11.733333,41.083333,Afar,Dubti,Hap2,Urban,NA,Immature
Dubt_I_28_Ethiopia,ERR13818222,Dubt_I_28,2023,Ethiopia,Major,Invasive,11.733333,41.083333,Afar,Dubti,Hap4,Urban,NA,Immature
Dubt_I_30_Ethiopia,ERR13818223,Dubt_I_30,2023,Ethiopia,Major,Invasive,11.733333,41.083333,Afar,Dubti,Hap3,Urban,NA,Immature
Jiga_I_01_Ethiopia,ERR13818224,Jiga_I_01,2023,Ethiopia,Major,Invasive,10.4019152,37.2224323,Amhara,Jiga,Hap2,Rural,NA,Immature
Jiga_I_02_Ethiopia,ERR13818225,Jiga_I_02,2023,Ethiopia,Major,Invasive,10.4019152,37.2224323,Amhara,Jiga,Hap2,Rural,NA,Immature
Jiga_I_03_Ethiopia,ERR13818226,Jiga_I_03,2023,Ethiopia,Major,Invasive,10.4019152,37.2224323,Amhara,Jiga,Hap2,Rural,NA,Immature
Jiga_I_04_Ethiopia,ERR13818227,Jiga_I_04,2023,Ethiopia,Major,Invasive,10.4019152,37.2224323,Amhara,Jiga,Hap2,Rural,NA,Immature
Jiga_I_05_Ethiopia,ERR13818228,Jiga_I_05,2023,Ethiopia,Major,Invasive,10.4019152,37.2224323,Amhara,Jiga,Hap2,Rural,NA,Immature
Jiga_I_07_Ethiopia,ERR13818230,Jiga_I_07,2023,Ethiopia,Major,Invasive,10.4019152,37.2224323,Amhara,Jiga,Hap2,Rural,NA,Immature
Kebr_I_01_Ethiopia,ERR13818231,Kebr_I_01,2023,Ethiopia,Major,Invasive,6.732545,44.238128,Somali,Kebridehar,Hap2,Rural,NA,Immature
Kebr_I_02_Ethiopia,ERR13818232,Kebr_I_02,2023,Ethiopia,Major,Invasive,6.732545,44.238128,Somali,Kebridehar,Hap2,Rural,NA,Immature
Kebr_I_03_Ethiopia,ERR13818233,Kebr_I_03,2023,Ethiopia,Major,Invasive,6.732545,44.238128,Somali,Kebridehar,Hap2,Rural,NA,Immature
Kebr_I_04_Ethiopia,ERR13818234,Kebr_I_04,2023,Ethiopia,Major,Invasive,6.732545,44.238128,Somali,Kebridehar,Hap2,Rural,NA,Immature
Kebr_I_06_Ethiopia,ERR13818236,Kebr_I_06,2023,Ethiopia,Major,Invasive,6.732545,44.238128,Somali,Kebridehar,Hap2,Rural,NA,Immature
Kebr_I_07_Ethiopia,ERR13818237,Kebr_I_07,2023,Ethiopia,Major,Invasive,6.732545,44.238128,Somali,Kebridehar,Hap2,Rural,NA,Immature
Kebr_I_08_Ethiopia,ERR13818238,Kebr_I_08,2023,Ethiopia,Major,Invasive,6.732545,44.238128,Somali,Kebridehar,Hap2,Rural,NA,Immature
Kebr_I_09_Ethiopia,ERR13818239,Kebr_I_09,2023,Ethiopia,Major,Invasive,6.732545,44.238128,Somali,Kebridehar,Hap2,Rural,NA,Immature
Kebr_I_10_Ethiopia,ERR13818240,Kebr_I_10,2023,Ethiopia,Major,Invasive,6.732545,44.238128,Somali,Kebridehar,Hap2,Rural,NA,Immature
Kebr_I_11_Ethiopia,ERR13818241,Kebr_I_11,2023,Ethiopia,Major,Invasive,6.732545,44.238128,Somali,Kebridehar,Hap2,Rural,NA,Immature
Kebr_I_12_Ethiopia,ERR13818235,Kebr_I_12,2023,Ethiopia,Major,Invasive,6.732545,44.238128,Somali,Kebridehar,Hap2,Rural,NA,Immature
Kebr_I_13_Ethiopia,ERR13818243,Kebr_I_13,2023,Ethiopia,Major,Invasive,6.732545,44.238128,Somali,Kebridehar,Hap2,Rural,NA,Immature
Kebr_I_14_Ethiopia,ERR13818244,Kebr_I_14,2023,Ethiopia,Major,Invasive,6.732545,44.238128,Somali,Kebridehar,Hap2,Rural,NA,Immature
Kebr_I_15_Ethiopia,ERR13818245,Kebr_I_15,2023,Ethiopia,Major,Invasive,6.732545,44.238128,Somali,Kebridehar,Hap2,Rural,NA,Immature
Kebr_I_16_Ethiopia,ERR13818246,Kebr_I_16,2023,Ethiopia,Major,Invasive,6.732545,44.238128,Somali,Kebridehar,Hap2,Rural,NA,Immature
Kebr_I_17_Ethiopia,ERR13818247,Kebr_I_17,2023,Ethiopia,Major,Invasive,6.732545,44.238128,Somali,Kebridehar,Hap2,Rural,NA,Immature
Kebr_I_18_Ethiopia,ERR13818248,Kebr_I_18,2023,Ethiopia,Major,Invasive,6.732545,44.238128,Somali,Kebridehar,Hap2,Rural,NA,Immature
Kebr_I_19_Ethiopia,ERR13818249,Kebr_I_19,2023,Ethiopia,Major,Invasive,6.732545,44.238128,Somali,Kebridehar,Hap2,Rural,NA,Immature
Kebr_I_20_Ethiopia,ERR13818250,Kebr_I_20,2023,Ethiopia,Major,Invasive,6.732545,44.238128,Somali,Kebridehar,Hap2,Rural,NA,Immature
Modj_A_03_Ethiopia,ERR13818251,Modj_A_03,2023,Ethiopia,Major,Invasive,8.598811,39.119852,Oromia,Modjo,Hap2,Urban,NA,Immature
Modj_A_07_Ethiopia,ERR13818252,Modj_A_07,2023,Ethiopia,Major,Invasive,8.598811,39.119852,Oromia,Modjo,Hap2,Urban,NA,Immature
Modj_A_08_Ethiopia,ERR13818253,Modj_A_08,2023,Ethiopia,Major,Invasive,8.598811,39.119852,Oromia,Modjo,Hap4,Urban,NA,Immature
Modj_A_11_Ethiopia,ERR13818254,Modj_A_11,2023,Ethiopia,Major,Invasive,8.598811,39.119852,Oromia,Modjo,Hap2,Urban,NA,Immature
Modj_A_16_Ethiopia,ERR13818255,Modj_A_16,2023,Ethiopia,Major,Invasive,8.598811,39.119852,Oromia,Modjo,Hap3,Urban,NA,Immature
Modj_A_25_Ethiopia,ERR13818256,Modj_A_25,2023,Ethiopia,Major,Invasive,8.598811,39.119852,Oromia,Modjo,Hap2,Urban,NA,Immature
Modj_A_26_Ethiopia,ERR13818257,Modj_A_26,2023,Ethiopia,Major,Invasive,8.598811,39.119852,Oromia,Modjo,Hap2,Urban,NA,Immature
Modj_A_28_Ethiopia,ERR13818258,Modj_A_28,2023,Ethiopia,Major,Invasive,8.598811,39.119852,Oromia,Modjo,Hap3,Urban,NA,Immature
Modj_A_31_Ethiopia,ERR13818259,Modj_A_31,2023,Ethiopia,Major,Invasive,8.598811,39.119852,Oromia,Modjo,Hap2,Urban,NA,Immature
Modj_I_01_Ethiopia,ERR13818260,Modj_I_01,2023,Ethiopia,Major,Invasive,8.598811,39.119852,Oromia,Modjo,Hap1,Urban,NA,Immature
Modj_I_02_Ethiopia,ERR13818261,Modj_I_02,2023,Ethiopia,Major,Invasive,8.598811,39.119852,Oromia,Modjo,Hap2,Urban,NA,Immature
Modj_I_04_Ethiopia,ERR13818262,Modj_I_04,2023,Ethiopia,Major,Invasive,8.598811,39.119852,Oromia,Modjo,Hap2,Urban,NA,Immature
Modj_I_05_Ethiopia,ERR13818263,Modj_I_05,2023,Ethiopia,Major,Invasive,8.598811,39.119852,Oromia,Modjo,Hap3,Urban,NA,Immature
Modj_I_07_Ethiopia,ERR13818264,Modj_I_07,2023,Ethiopia,Major,Invasive,8.598811,39.119852,Oromia,Modjo,Hap2,Urban,NA,Immature
Modj_I_08_Ethiopia,ERR13818265,Modj_I_08,2023,Ethiopia,Major,Invasive,8.598811,39.119852,Oromia,Modjo,Hap2,Urban,NA,Immature
Modj_I_09_Ethiopia,ERR13818266,Modj_I_09,2023,Ethiopia,Major,Invasive,8.598811,39.119852,Oromia,Modjo,Hap2,Urban,NA,Immature
Modj_I_10_Ethiopia,ERR13818267,Modj_I_10,2023,Ethiopia,Major,Invasive,8.598811,39.119852,Oromia,Modjo,Hap3,Urban,NA,Immature
Modj_I_25_Ethiopia,ERR13818268,Modj_I_25,2023,Ethiopia,Major,Invasive,8.598811,39.119852,Oromia,Modjo,Hap2,Urban,NA,Immature
Modj_I_29_Ethiopia,ERR13818269,Modj_I_29,2023,Ethiopia,Major,Invasive,8.598811,39.119852,Oromia,Modjo,Hap2,Urban,NA,Immature
Modj_I_31_Ethiopia,ERR13818270,Modj_I_31,2023,Ethiopia,Major,Invasive,8.598811,39.119852,Oromia,Modjo,Hap2,Urban,NA,Immature
S230003_Ethiopia,NA,S230003,2023,Ethiopia,Major,Invasive,NA,NA,Somali,Jijiga,Hap2,Urban,Artificial,Adult
S230005_Ethiopia,NA,S230005,2023,Ethiopia,Major,Invasive,NA,NA,Somali,Jijiga,Hap2,Urban,Artificial,Adult
S230006_Ethiopia,NA,S230006,2023,Ethiopia,Major,Invasive,NA,NA,Somali,Jijiga,Hap3,Urban,Artificial,Adult
S230010_Ethiopia,NA,S230010,2023,Ethiopia,Major,Invasive,NA,NA,Somali,Jijiga,Hap2,Urban,Artificial,Adult
S230011_Ethiopia,NA,S230011,2023,Ethiopia,Major,Invasive,NA,NA,Somali,Jijiga,Hap1,Urban,Artificial,Adult
S230013_Ethiopia,NA,S230013,2023,Ethiopia,Major,Invasive,NA,NA,Somali,Jijiga,Hap1,Urban,Artificial,Adult
S230015_Ethiopia,NA,S230015,2023,Ethiopia,Major,Invasive,NA,NA,Somali,Jijiga,Hap2,Urban,Artificial,Adult
S230016_Ethiopia,NA,S230016,2023,Ethiopia,Major,Invasive,NA,NA,Somali,Jijiga,Hap1,Urban,Artificial,Adult
S230018_Ethiopia,NA,S230018,2023,Ethiopia,Major,Invasive,NA,NA,Somali,Jijiga,Hap1,Urban,Artificial,Adult
S230019_Ethiopia,NA,S230019,2023,Ethiopia,Major,Invasive,NA,NA,Somali,Jijiga,Hap2,Urban,Artificial,Adult
BUZOOMAs_India,KR817728,BUZOOMAs,2015,India,Major,Native,11.4,76.69,Tamil Nadu,Ooty,NA,Rural,Wetland,Immature
ANST15_India,MN329060,ANST15,2017,India,NA,Native,19.315,84.7941,Odisha,NA,Hap1,Urban,NA,Adult
ST18_India,MT899149,ST18,2018,India,Major,Native,NA,NA,Thrissur,NA,Hap1,NA,Freshwater,Immature
VPY5_India,PP469559,VPY5,2019,India,Major,Native,NA,NA,NA,NA,Hap1,NA,NA,NA
CUMM40_India,MW549046,CUMM40,2020,India,Major,Native,11.8014,76.0044,Kerala,Mananthavady,Hap1,Urban,NA,NA
IND(stephensi)COXI_India,OQ847826,IND(stephensi)COXI,2022,India,Major,Native,NA,NA,Maharashtra,NA,NA,NA,NA,NA
A13668_India,DQ317594,A13668,NA,India,NA,Native,NA,NA,Tamil Nadu,Pattukottai,NA,NA,Well,Immature
MOSQ02_16_India,KX467337,MOSQ02-16,NA,India,Major,Native,NA,NA,NA,NA,Hap1,NA,NA,Adult
SRX11563275_India,SRR15293894,SRX11563275,NA,India,Major,Native,NA,NA,Karnataka,Mangalore,Hap1,NA,Lab strain,Adult
SRX11563276_India,SRR15293893,SRX11563276,NA,India,Major,Native,NA,NA,Karnataka,Mangalore,Hap1,NA,Lab strain,Adult
SRX11563277_India,SRR15293892,SRX11563277,NA,India,Major,Native,NA,NA,Karnataka,Mangalore,Hap1,NA,Lab strain,Adult
SRX11563278_India,SRR15293891,SRX11563278,NA,India,Major,Native,NA,NA,Karnataka,Mangalore,Hap1,NA,Lab strain,Adult
SRX11563279_India,SRR15293890,SRX11563279,NA,India,Major,Native,NA,NA,Karnataka,Mangalore,Hap1,NA,Lab strain,Adult
SRX11563280_India,SRR15293889,SRX11563280,NA,India,Major,Native,NA,NA,Karnataka,Mangalore,Hap1,NA,Lab strain,Adult
SRX11563281_India,SRR15293888,SRX11563281,NA,India,Major,Native,NA,NA,Karnataka,Mangalore,Hap1,NA,Lab strain,Adult
SRX11563282_India,SRR15293887,SRX11563282,NA,India,Major,Native,NA,NA,Karnataka,Mangalore,Hap1,NA,Lab strain,Adult
SRX11563283_India,SRR15293886,SRX11563283,NA,India,Major,Native,NA,NA,Karnataka,Mangalore,Hap1,NA,Lab strain,Adult
SRX11563284_India,SRR15293885,SRX11563284,NA,India,Major,Native,NA,NA,Karnataka,Mangalore,Hap1,NA,Lab strain,Adult
SRX11563285_India,SRR15257915,SRX11563285,NA,India,Major,Native,NA,NA,Karnataka ,Bangalore,Hap1,NA,Lab strain,Adult
SRX11563286_India,SRR15257914,SRX11563286,NA,India,Major,Native,NA,NA,Karnataka ,Bangalore,Hap1,NA,Lab strain,Adult
SRX11563287_India,SRR15257913,SRX11563287,NA,India,Major,Native,NA,NA,Karnataka ,Bangalore,Hap1,NA,Lab strain,Adult
SRX11563288_India,SRR15257912,SRX11563288,NA,India,Major,Native,NA,NA,Karnataka ,Bangalore,Hap1,NA,Lab strain,Adult
SRX11563289_India,SRR15257911,SRX11563289,NA,India,Major,Native,NA,NA,Karnataka ,Bangalore,Hap1,NA,Lab strain,Adult
SRX11563290_India,SRR15257910,SRX11563290,NA,India,Major,Native,NA,NA,Karnataka ,Bangalore,Hap1,NA,Lab strain,Adult
SRX11563291_India,SRR15257909,SRX11563291,NA,India,Major,Native,NA,NA,Karnataka ,Bangalore,Hap1,NA,Lab strain,Adult
SRX11563292_India,SRR15257908,SRX11563292,NA,India,Major,Native,NA,NA,Karnataka ,Bangalore,Hap1,NA,Lab strain,Adult
SRX11563293_India,SRR15257907,SRX11563293,NA,India,Major,Native,NA,NA,Karnataka ,Bangalore,Hap1,NA,Lab strain,Adult
SRX11563294_India,SRR15257906,SRX11563294,NA,India,Major,Native,NA,NA,Karnataka ,Bangalore,Hap1,NA,Lab strain,Adult
stephensi15_India,MK726121,stephensi15,NA,India,Major,Native,19.3017,84.883,NA,NA,Hap1,Rural,NA,Adult
stephensi17_India,MK704465,stephensi17,NA,India,Major,Native,19.315,84.7941,NA,NA,Hap1,Urban,NA,Adult
VP4_India,OP288467,VP4,NA,India,Major,Native,NA,NA,NA,NA,Hap1,NA,NA,NA
NHM11522_Iran,FJ210893,NHM11522,2008,Iran,Major,Native,NA,NA,Bandar Abbas,Bandar Abbas,Hap1,,NA,Adult
NHM11523_Iran,FJ210894,NHM11523,2008,Iran,Major,Native,NA,NA,Bandar Abbas,Bandar Abbas,Hap1,,NA,Adult
I2_42_1_Iran,ERR14101147,I2_42_1,2023,Iran,Major,Native,25.2917863,60.6507777,Sistan and Baluchestan,Chabahar,Hap10,Urban,NA,NA
I2_42_2_Iran,ERR14101148,I2_42_2,2023,Iran,Major,Native,25.2917863,60.6507777,Sistan and Baluchestan,Chabahar,Hap1,Urban,NA,NA
I2_42_3_Iran,ERR14101149,I2_42_3,2023,Iran,Major,Native,25.2917863,60.6507777,Sistan and Baluchestan,Chabahar,Hap1,Urban,NA,NA
I2_42_5_Iran,ERR14101150,I2_42_5,2023,Iran,Major,Native,25.2917863,60.6507777,Sistan and Baluchestan,Chabahar,Hap1,Urban,NA,NA
I2_43_1_Iran,ERR14101151,I2_43_1,2023,Iran,Major,Native,25.2917863,60.6507777,Sistan and Baluchestan,Chabahar,Hap1,Urban,NA,NA
I2_43_2_Iran,ERR14101152,I2_43_2,2023,Iran,Major,Native,25.2917863,60.6507777,Sistan and Baluchestan,Chabahar,Hap1,Urban,NA,NA
I2_43_4_Iran,ERR14101153,I2_43_4,2023,Iran,Major,Native,25.2917863,60.6507777,Sistan and Baluchestan,Chabahar,Hap1,Urban,NA,NA
I2_43_5_Iran,ERR14101154,I2_43_5,2023,Iran,Major,Native,25.2917863,60.6507777,Sistan and Baluchestan,Chabahar,Hap10,Urban,NA,NA
I2_43_6_Iran,ERR14101155,I2_43_6,2023,Iran,Major,Native,25.2917863,60.6507777,Sistan and Baluchestan,Chabahar,Hap1,Urban,NA,NA
I2_44_1_Iran,ERR14101156,I2_44_1,2023,Iran,Major,Native,25.2917863,60.6507777,Sistan and Baluchestan,Chabahar,Hap1,Urban,NA,NA
I2_44_2_Iran,ERR14101157,I2_44_2,2023,Iran,Major,Native,25.2917863,60.6507777,Sistan and Baluchestan,Chabahar,Hap1,Urban,NA,NA
I2_44_3_Iran,ERR14101158,I2_44_3,2023,Iran,Major,Native,25.2917863,60.6507777,Sistan and Baluchestan,Chabahar,Hap1,Urban,NA,NA
I2_44_4_Iran,ERR14101159,I2_44_4,2023,Iran,Major,Native,25.2917863,60.6507777,Sistan and Baluchestan,Chabahar,Hap1,Urban,NA,NA
I2_44_5_Iran,ERR14101160,I2_44_5,2023,Iran,Major,Native,25.2917863,60.6507777,Sistan and Baluchestan,Chabahar,Hap1,Urban,NA,NA
I2_45_2_Iran,ERR14101161,I2_45_2,2023,Iran,Major,Native,25.2917863,60.6507777,Sistan and Baluchestan,Chabahar,Hap1,Urban,NA,NA
I2_45_4_Iran,ERR14101162,I2_45_4,2023,Iran,Major,Native,25.2917863,60.6507777,Sistan and Baluchestan,Chabahar,Hap1,Urban,NA,NA
I2_46_1_Iran,ERR14101163,I2_46_1,2023,Iran,Major,Native,25.2917863,60.6507777,Sistan and Baluchestan,Chabahar,Hap2,Urban,NA,NA
I2_46_2_Iran,ERR14101164,I2_46_2,2023,Iran,Major,Native,25.2917863,60.6507777,Sistan and Baluchestan,Chabahar,Hap10,Urban,NA,NA
I2_46_3_Iran,ERR14101165,I2_46_3,2023,Iran,Major,Native,25.2917863,60.6507777,Sistan and Baluchestan,Chabahar,Hap1,Urban,NA,NA
I2_46_5_Iran,ERR14101166,I2_46_5,2023,Iran,Major,Native,25.2917863,60.6507777,Sistan and Baluchestan,Chabahar,Hap1,Urban,NA,NA
I2_48_1_Iran,ERR14101167,I2_48_1,2023,Iran,Major,Native,25.2917863,60.6507777,Sistan and Baluchestan,Chabahar,Hap1,Urban,NA,NA
I2_48_2_Iran,ERR14101168,I2_48_2,2023,Iran,Major,Native,25.2917863,60.6507777,Sistan and Baluchestan,Chabahar,Hap1,Urban,NA,NA
I2_48_4_Iran,ERR14101169,I2_48_4,2023,Iran,Major,Native,25.2917863,60.6507777,Sistan and Baluchestan,Chabahar,Hap1,Urban,NA,NA
I2_48_5_Iran,ERR14101170,I2_48_5,2023,Iran,Major,Native,25.2917863,60.6507777,Sistan and Baluchestan,Chabahar,Hap1,Urban,NA,NA
I2_49_1_Iran,ERR14101171,I2_49_1,2023,Iran,Major,Native,25.2917863,60.6507777,Sistan and Baluchestan,Chabahar,Hap1,Urban,NA,NA
I3_57_2_Iran,ERR14101172,I3_57_2,2023,Iran,Major,Native,27.4081975,62.2730037,Sistan and Baluchestan,Saravan,Hap1,Rural,NA,NA
I3_57_4_Iran,ERR14101173,I3_57_4,2023,Iran,Major,Native,27.4081975,62.2730037,Sistan and Baluchestan,Saravan,Hap10,Rural,NA,NA
I3_57_5_Iran,ERR14101174,I3_57_5,2023,Iran,Major,Native,27.4081975,62.2730037,Sistan and Baluchestan,Saravan,Hap10,Rural,NA,NA
I3_58_1_Iran,ERR14101175,I3_58_1,2023,Iran,Major,Native,27.4081975,62.2730037,Sistan and Baluchestan,Saravan,Hap1,Rural,NA,NA
I3_58_2_Iran,ERR14101176,I3_58_2,2023,Iran,Major,Native,27.4081975,62.2730037,Sistan and Baluchestan,Saravan,Hap4,Rural,NA,NA
I3_58_3_Iran,ERR14101177,I3_58_3,2023,Iran,Major,Native,27.4081975,62.2730037,Sistan and Baluchestan,Saravan,Hap1,Rural,NA,NA
I3_58_4_Iran,ERR14101178,I3_58_4,2023,Iran,Major,Native,27.4081975,62.2730037,Sistan and Baluchestan,Saravan,Hap1,Rural,NA,NA
I3_58_5_Iran,ERR14101179,I3_58_5,2023,Iran,Major,Native,27.4081975,62.2730037,Sistan and Baluchestan,Saravan,Hap10,Rural,NA,NA
I3_59_1_Iran,ERR14101180,I3_59_1,2023,Iran,Major,Native,27.4081975,62.2730037,Sistan and Baluchestan,Saravan,Hap1,Rural,NA,NA
I3_59_2_Iran,ERR14101181,I3_59_2,2023,Iran,Major,Native,27.4081975,62.2730037,Sistan and Baluchestan,Saravan,Hap10,Rural,NA,NA
I3_59_3_Iran,ERR14101182,I3_59_3,2023,Iran,Major,Native,27.4081975,62.2730037,Sistan and Baluchestan,Saravan,Hap1,Rural,NA,NA
I3_59_4_Iran,ERR14101183,I3_59_4,2023,Iran,Major,Native,27.4081975,62.2730037,Sistan and Baluchestan,Saravan,Hap1,Rural,NA,NA
I3_59_5_Iran,ERR14101184,I3_59_5,2023,Iran,Major,Native,27.4081975,62.2730037,Sistan and Baluchestan,Saravan,Hap26,Rural,NA,NA
I3_60_1_Iran,ERR14101185,I3_60_1,2023,Iran,Major,Native,27.4081975,62.2730037,Sistan and Baluchestan,Saravan,Hap1,Rural,NA,NA
I3_60_2_Iran,ERR14101186,I3_60_2,2023,Iran,Major,Native,27.4081975,62.2730037,Sistan and Baluchestan,Saravan,Hap1,Rural,NA,NA
I3_60_3_Iran,ERR14101187,I3_60_3,2023,Iran,Major,Native,27.4081975,62.2730037,Sistan and Baluchestan,Saravan,Hap1,Rural,NA,NA
I3_60_5_Iran,ERR14101188,I3_60_5,2023,Iran,Major,Native,27.4081975,62.2730037,Sistan and Baluchestan,Saravan,Hap10,Rural,NA,NA
I3_61_3_Iran,ERR14101189,I3_61_3,2023,Iran,Major,Native,27.4081975,62.2730037,Sistan and Baluchestan,Saravan,Hap10,Rural,NA,NA
6011_Iran,AY877426,6011,NA,Iran,NA,Native,NA,NA,NA,NA,NA,Urban,NA,Adult
6012_Iran,AY877427,6012,NA,Iran,NA,Native,NA,NA,NA,NA,NA,Urban,NA,Adult
6013_Iran,AY877428,6013,NA,Iran,NA,Native,NA,NA,NA,NA,NA,Urban,NA,Adult
6014_Iran,AY877429,6014,NA,Iran,NA,Native,NA,NA,NA,NA,NA,Rural,NA,Adult
A1_Iran,MZ269698,A1,NA,Iran,NA,Native,NA,NA,NA,NA,NA,NA,NA,NA
A2_Iran,MZ269699,A2,NA,Iran,NA,Native,NA,NA,NA,NA,NA,NA,NA,NA
A3_Iran,MZ269700,A3,NA,Iran,NA,Native,NA,NA,NA,NA,NA,NA,NA,NA
A5_Iran,MZ269702,A5,NA,Iran,Major,Native,NA,NA,NA,NA,NA,NA,NA,NA
A6_Iran,MZ269701,A6,NA,Iran,Major,Native,NA,NA,NA,NA,NA,NA,NA,NA
A6_Iran,MZ269703,A6,NA,Iran,Major,Native,NA,NA,NA,NA,NA,NA,NA,NA
A7_Iran,MZ269704,A7,NA,Iran,Major,Native,NA,NA,NA,NA,NA,NA,NA,NA
A8_Iran,MZ269705,A8,NA,Iran,Major,Native,NA,NA,NA,NA,NA,NA,NA,NA
KEN0001_Kenya,OR607949,KEN0001,2022,Kenya,Major,Invasive,2.2270911,37.9380761,Marsabit,Kargi,Hap3,Rural,Stream,Immature
KEN0002_Kenya,OR607950,KEN0002,2022,Kenya,Major,Invasive,2.2270911,37.9380761,Marsabit,Kargi,Hap2,Rural,Stream,Immature
KEN0003_Kenya,OR607951,KEN0003,2022,Kenya,Major,Invasive,2.3298334,37.9967275,Marsabit,Kargi,NA,Urban,Tank,Immature
KE87JL_Marsabit_Kenya,PQ529955,KE87JL_Marsabit,2023,Kenya,Major,Invasive,2.5186342,37.588699,Marsabit,Kargi,Hap2,Rural,Freshwater,Immature
MAD01_Marsabit_Kenya,PQ529942,MAD01_Marsabit,2023,Kenya,Major,Invasive,2.5186342,37.588699,Marsabit,Kargi,Hap2,Rural,Freshwater,Immature
MAD05_Marsabit_Kenya,PQ529979,MAD05_Marsabit,2023,Kenya,Major,Invasive,2.5186342,37.588699,Marsabit,Kargi,Hap2,Rural,NA,Immature
MAD07_Marsabit_Kenya,PQ529978,MAD07_Marsabit,2023,Kenya,Major,Invasive,2.5186342,37.588699,Marsabit,Kargi,Hap3,Rural,NA,Immature
MAD10_Marsabit_Kenya,PQ529954,MAD10_Marsabit,2023,Kenya,Major,Invasive,2.5186342,37.588699,Marsabit,Kargi,Hap3,Rural,Freshwater,Immature
MAD11_Marsabit_Kenya,PQ529993,MAD11_Marsabit,2023,Kenya,Major,Invasive,2.5186342,37.588699,Marsabit,Kargi,Hap2,Rural,Freshwater,Immature
MAD14_Marsabit_Kenya,PQ529987,MAD14_Marsabit,2023,Kenya,Major,Invasive,2.5186342,37.588699,Marsabit,Kargi,Hap3,Rural,Freshwater,Immature
MAU11_Marsabit_Kenya,PQ529959,MAU11_Marsabit,2023,Kenya,Major,Invasive,2.5186342,37.588699,Marsabit,Kargi,Hap2,Rural,Freshwater,Immature
MAU12_Marsabit_Kenya,PQ529950,MAU12_Marsabit,2023,Kenya,Major,Invasive,2.5186342,37.588699,Marsabit,Kargi,Hap2,Rural,Freshwater,Immature
MOU10_Marsabit_Kenya,PQ529941,MOU10_Marsabit,2023,Kenya,Major,Invasive,2.5186342,37.588699,Marsabit,Kargi,Hap2,Rural,Freshwater,Immature
MOU17_Marsabit_Kenya,PQ529990,MOU17_Marsabit,2023,Kenya,Major,Invasive,2.5186342,37.588699,Marsabit,Kargi,Hap2,Rural,Freshwater,Immature
MOU18_Marsabit_Kenya,PQ529944,MOU18_Marsabit,2023,Kenya,Major,Invasive,2.5186342,37.588699,Marsabit,Kargi,Hap2,Rural,Freshwater,Immature
MOU21_Marsabit_Kenya,PQ529983,MOU21_Marsabit,2023,Kenya,Major,Invasive,2.5186342,37.588699,Marsabit,Kargi,Hap2,Rural,Freshwater,Immature
NAG01_Marsabit_Kenya,PQ529951,NAG01_Marsabit,2023,Kenya,Major,Invasive,2.5186342,37.588699,Marsabit,Kargi,Hap2,Rural,Freshwater,Immature
NAG04_Marsabit_Kenya,PQ529989,NAG04_Marsabit,2023,Kenya,Major,Invasive,2.5186342,37.588699,Marsabit,Kargi,Hap2,Rural,Freshwater,Immature
NAG05_Marsabit_Kenya,PQ529956,NAG05_Marsabit,2023,Kenya,NA,Invasive,2.5186342,37.588699,Marsabit,Kargi,NA,Rural,Freshwater,Immature
SESS01_Marsabit_Kenya,PQ529994,SESS01_Marsabit,2023,Kenya,Major,Invasive,2.5186342,37.588699,Marsabit,Kargi,Hap1,Rural,Freshwater,Immature
SESS13_Marsabit_Kenya,PQ529943,SESS13_Marsabit,2023,Kenya,Major,Invasive,2.5186342,37.588699,Marsabit,Kargi,Hap2,Rural,Freshwater,Immature
SESS14_Marsabit_Kenya,PQ529952,SESS14_Marsabit,2023,Kenya,Major,Invasive,2.5186342,37.588699,Marsabit,Kargi,Hap3,Rural,Freshwater,Immature
SESS17_Marsabit_Kenya,PQ529946,SESS17_Marsabit,2023,Kenya,Major,Invasive,2.5186342,37.588699,Marsabit,Kargi,Hap3,Rural,Freshwater,Immature
SESS21_Marsabit_Kenya,PQ529957,SESS21_Marsabit,2023,Kenya,Major,Invasive,2.5186342,37.588699,Marsabit,Kargi,Hap3,Rural,Freshwater,Immature
SESS27_Marsabit_Kenya,PQ529996,SESS27_Marsabit,2023,Kenya,Major,Invasive,2.5186342,37.588699,Marsabit,Kargi,Hap3,Rural,Freshwater,Immature
SESS30_Marsabit_Kenya,PQ529968,SESS30_Marsabit,2023,Kenya,Major,Invasive,2.5186342,37.588699,Marsabit,Kargi,Hap2,Rural,NA,Immature
KECDM7_Wajir_Kenya,PQ529977,KECDM7_Wajir,2024,Kenya,Major,Invasive,NA,NA,Wajir,NA,Hap2,NA,NA,Immature
KECDM8_Wajir_Kenya,PQ529986,KECDM8_Wajir,2024,Kenya,Major,Invasive,NA,NA,Wajir,NA,Hap2,NA,NA,Immature
KECDM9_Wajir_Kenya,PQ529953,KECDM9_Wajir,2024,Kenya,Major,Invasive,NA,NA,Wajir,NA,Hap2,NA,NA,Immature
KECDNA_Wajir_Kenya,PQ529963,KECDNA_Wajir,2024,Kenya,Major,Invasive,NA,NA,Wajir,NA,Hap2,NA,NA,Immature
KECDNC_Wajir_Kenya,PQ529962,KECDNC_Wajir,2024,Kenya,Major,Invasive,NA,NA,Wajir,NA,Hap2,NA,NA,Immature
KECDND_Wajir_Kenya,PQ529960,KECDND_Wajir,2024,Kenya,Major,Invasive,NA,NA,Wajir,NA,Hap2,NA,NA,Immature
KECDNE_Wajir_Kenya,PQ529980,KECDNE_Wajir,2024,Kenya,Major,Invasive,NA,NA,Wajir,NA,Hap2,NA,NA,Immature
KECDNG_Wajir_Kenya,PQ529966,KECDNG_Wajir,2024,Kenya,Major,Invasive,NA,NA,Wajir,NA,Hap2,NA,NA,Immature
KECDNI_Wajir_Kenya,PQ529961,KECDNI_Wajir,2024,Kenya,Major,Invasive,NA,NA,Wajir,NA,Hap2,NA,NA,Immature
KECDNJ_Wajir_Kenya,PQ529982,KECDNJ_Wajir,2024,Kenya,Major,Invasive,NA,NA,Wajir,NA,Hap2,NA,NA,Immature
KECDOD_Wajir_Kenya,PQ529975,KECDOD_Wajir ,2024,Kenya,Major,Invasive,NA,NA,Wajir,NA,Hap2,NA,NA,Immature
KECDOE_Wajir_Kenya,PQ529940,KECDOE_Wajir,2024,Kenya,Major,Invasive,NA,NA,Wajir,NA,Hap2,NA,NA,Immature
KECDOF_Wajir_Kenya,PQ529976,KECDOF_Wajir,2024,Kenya,Major,Invasive,NA,NA,Wajir,NA,Hap2,NA,NA,Immature
KECDOG_Wajir_Kenya,PQ529981,KECDOG_Wajir,2024,Kenya,Major,Invasive,NA,NA,Wajir,NA,Hap2,NA,NA,Immature
KECDOH_Wajir_Kenya,PQ529969,KECDOH_Wajir,2024,Kenya,Major,Invasive,NA,NA,Wajir,NA,Hap2,NA,NA,Immature
KECDOI_Wajir_Kenya,PQ529948,KECDOI_Wajir,2024,Kenya,Major,Invasive,NA,NA,Wajir,NA,Hap2,NA,NA,Immature
KECDOJ_Wajir_Kenya,PQ529992,KECDOJ_Wajir,2024,Kenya,Major,Invasive,NA,NA,Wajir,NA,Hap2,NA,NA,Immature
KECDOK_Wajir_Kenya,PQ529971,KECDOK_Wajir,2024,Kenya,Major,Invasive,NA,NA,Wajir,NA,Hap2,NA,NA,Immature
KECDOM_Wajir_Kenya,PQ529972,KECDOM_Wajir,2024,Kenya,Major,Invasive,NA,NA,Wajir,NA,Hap2,NA,NA,Immature
KECDOO_Wajir_Kenya,PQ529949,KECDOO_Wajir,2024,Kenya,Major,Invasive,NA,NA,Wajir,NA,Hap2,NA,NA,Immature
KECDOQ_Wajir_Kenya,PQ529984,KECDOQ_Wajir,2024,Kenya,Major,Invasive,NA,NA,Wajir,NA,Hap2,NA,Freshwater,Immature
KECDOR_Wajir_Kenya,PQ529965,KECDOR_Wajir,2024,Kenya,Major,Invasive,NA,NA,Wajir,NA,Hap2,NA,NA,Immature
KECDOU_Wajir_Kenya,PQ529947,KECDOU_Wajir,2024,Kenya,Major,Invasive,NA,NA,Wajir,NA,Hap2,NA,NA,Immature
KECDOV_Wajir_Kenya,PQ529964,KECDOV_Wajir,2024,Kenya,Major,Invasive,NA,NA,Wajir,NA,Hap3,NA,NA,Immature
KECDOW_Wajir_Kenya,PQ529945,KECDOW_Wajir,2024,Kenya,Major,Invasive,NA,NA,Wajir,NA,Hap2,NA,NA,Immature
KECDOZ_Wajir_Kenya,PQ529991,KECDOZ_Wajir,2024,Kenya,Major,Invasive,NA,NA,Wajir,NA,Hap2,NA,NA,Immature
KECDP7_Wajir_Kenya,PQ529985,KECDP7_Wajir,2024,Kenya,Major,Invasive,NA,NA,Wajir,NA,Hap2,NA,NA,Immature
KECDP8_Wajir_Kenya,PQ529973,KECDP8_Wajir,2024,Kenya,Major,Invasive,NA,NA,Wajir,NA,Hap2,NA,NA,Immature
KECDS8_Isiolo_Kenya,PQ529988,KECDS8_Isiolo,2024,Kenya,Major,Invasive,0.3563364,37.5834123,Isiolo,Isiolo Town,Hap2,Urban,NA,Immature
KECDSG_Wajir_Kenya,PQ529974,KECDSG_Wajir,2024,Kenya,Major,Invasive,NA,NA,Wajir,NA,Hap2,NA,NA,Immature
KECDSH_Wajir_Kenya,PQ529967,KECDSH_Wajir,2024,Kenya,Major,Invasive,NA,NA,Wajir,NA,Hap2,NA,Freshwater,Immature
KECDSI_Wajir_Kenya,PQ529970,KECDSI_Wajir,2024,Kenya,Major,Invasive,NA,NA,Wajir,NA,Hap2,NA,NA,Immature
KECDVQ_Isiolo_Kenya,PQ529958,KECDVQ_Isiolo,2024,Kenya,Major,Invasive,0.3563364,37.5834123,Isiolo,Isiolo Town,Hap3,Urban,NA,Immature
KECDVX_Isiolo_Kenya,PQ529995,KECDVX_Isiolo,2024,Kenya,Major,Invasive,0.3563364,37.5834123,Isiolo,Isiolo Town,Hap3,Urban,NA,Immature
Niger1_Niger,PV200295,Niger1,2024,Niger,Ambiguous2,Unknown,NA,NA,Magaria,Gayi,Hap16,rural,Indoor,Adult
Niger2_Niger,PV200296,Niger2,2024,Niger,Ambiguous2,Unknown,NA,NA,Magaria,Gayi,Hap16,rural,Indoor,Adult
Niger3_Niger,PV200297,Niger3,2024,Niger,Ambiguous3,Unknown,NA,NA,Magaria,Gayi,Hap15,rural,Indoor,Adult
Niger4_Niger,PV200298,Niger4,2024,Niger,Ambiguous3,Unknown,NA,NA,Magaria,Gayi,Hap15,rural,Indoor,Adult
Niger5_Niger,PV200299,Niger5,2024,Niger,Ambiguous3,Unknown,NA,NA,Magaria,Gayi,Hap15,rural,Indoor,Adult
Niger6_Niger,PV200300,Niger6,2024,Niger,Ambiguous3,Unknonw,NA,NA,Magaria,Gayi,Hap15,rural,Indoor,Adult
Niger7_Niger,PV200301,Niger7,2024,Niger,Ambiguous4,Unknown,NA,NA,Magaria,Gayi,Hap17,rural,Indoor,Adult
DAsgPak035_Pakistan,ERR13667033,DAsgPak035,2005,Pakistan,Major,Native,33.5510131,71.5322207,KhyberPakhtunkhwa,Asgharo,Hap1,Urban,NA,Adult
DAzCPak017_Pakistan,ERR13667034,DAzCPak017,2005,Pakistan,Major,Native,34.0177922,71.8785862,KhyberPakhtunkhwa,Azakhel,Hap1,Rural,NA,Adult
DAzCPak018_Pakistan,ERR13667035,DAzCPak018,2005,Pakistan,Major,Native,34.0177922,71.8785862,KhyberPakhtunkhwa,Azakhel,Hap1,Rural,NA,Adult
DAzCPak019_Pakistan,ERR13667036,DAzCPak019,2005,Pakistan,Major,Native,34.0177922,71.8785862,KhyberPakhtunkhwa,Azakhel,Hap1,Rural,NA,Adult
DLakPak026_Pakistan,ERR13667037,DLakPak026,2005,Pakistan,Major,Native,33.5510131,71.5322207,KhyberPakhtunkhwa,Lakhtibanda,Hap1,Urban,NA,Adult
PMJDE2_Pakistan,ERR13695748,PMJDE2,2005,Pakistan,Major,Native,34.0177922,71.8785862,KhyberPakhtunkhwa,Azakhel,Hap1,Rural,NA,Adult
PMJDE4_Pakistan,ERR13695750,PMJDE4,2005,Pakistan,Major,Native,34.0177922,71.8785862,KhyberPakhtunkhwa,Azakhel,Hap1,Rural,NA,Adult
PMJDF4_Pakistan,ERR13695751,PMJDF4,2005,Pakistan,Major,Native,34.0177922,71.8785862,KhyberPakhtunkhwa,Azakhel,Hap1,Rural,NA,Adult
PMJDG2_Pakistan,ERR13695752,PMJDG2,2005,Pakistan,Major,Native,34.0177922,71.8785862,KhyberPakhtunkhwa,Azakhel,Hap1,Rural,NA,Adult
PMJDG4_Pakistan,ERR13695754,PMJDG4,2005,Pakistan,Major,Native,34.0177922,71.8785862,KhyberPakhtunkhwa,Azakhel,Hap1,Rural,NA,Adult
PMJDH2_Pakistan,ERR13695755,PMJDH2,2005,Pakistan,Major,Native,34.0177922,71.8785862,KhyberPakhtunkhwa,Azakhel,Hap25,Rural,NA,Adult
PMJDH3_Pakistan,ERR13695756,PMJDH3,2005,Pakistan,Major,Native,34.1718,71.8785862,KhyberPakhtunkhwa,Azakhel,Hap1,Rural,NA,Adult
QAzCPak030_Pakistan,ERR13667079,QAzCPak030,2005,Pakistan,Major,Native,34.0177922,71.8785862,KhyberPakhtunkhwa,Azakhel,Hap1,Rural,NA,Adult
QAzCPak062_Pakistan,ERR13667080,QAzCPak062,2005,Pakistan,Major,Native,34.0177922,71.8785862,KhyberPakhtunkhwa,Azakhel,Hap1,Rural,NA,Adult
QNagPak004_Pakistan,ERR13667081,QNagPak004,2005,Pakistan,Major,Native,34.1247279,71.6084575,KhyberPakhtunkhwa,Naguman,Hap1,Urban,NA,Adult
QNagPak012_Pakistan,ERR13667082,QNagPak012,2005,Pakistan,Major,Native,34.1247279,71.6084575,KhyberPakhtunkhwa,Naguman,Hap1,Urban,NA,Adult
QNagpak028_Pakistan,ERR13667083,QNagpak028,2005,Pakistan,Major,Native,34.1247279,71.6084575,KhyberPakhtunkhwa,Naguman,Hap1,Urban,NA,Adult
DIP00281_Pakistan,KF406680,DIP00281,2007,Pakistan,Major,Native,30.2,71.433,Punjab,Multan,Hap1,Urban,NA,NA
DIP00309_Pakistan,KF406697,DIP00309,2007,Pakistan,Major,Native,31.7,73.9833,Punjab,Sheikhupura,Hap1,Urban,NA,NA
DIP00312_Pakistan,KF406685,DIP00312,2007,Pakistan,Major,Native,31.7,73.9833,Punjab,Sheikhupura,Hap1,Urban,NA,NA
MOS00119_Pakistan,KF406698,MOS00119,2010,Pakistan,Major,Native,34.142,71.702,Khyber Paktunkhwa,Peshawar,Hap1,Urban,NA,NA
MOS00121_Pakistan,KF406696,MOS00121,2010,Pakistan,Major,Native,34.15,71.718,Khyber Paktunkhwa,Peshawar,Hap1,Urban,NA,NA
MOS00122_Pakistan,KF406694,MOS00122,2010,Pakistan,Major,Native,34.15,71.718,Khyber Paktunkhwa,Peshawar,Hap1,Urban,NA,NA
MOS00124_Pakistan,KF406691,MOS00124,2010,Pakistan,Major,Native,34.142,71.704,Khyber Paktunkhwa,Peshawar,Hap2,Urban,NA,NA
MOS00125_Pakistan,KF406690,MOS00125,2010,Pakistan,Major,Native,34.142,71.704,Khyber Paktunkhwa,Peshawar,Hap1,Urban,NA,NA
MOS00165_Pakistan,KF406681,MOS00165,2010,Pakistan,Major,Native,34.008,71.488,Khyber Paktunkhwa,Peshawar,Hap1,Urban,NA,NA
MOS00051_Pakistan,KF406700,MOS00051,2012,Pakistan,Major,Native,31.485,74.267,Punjab,Lahore,Hap1,Urban,Cemented Ditch,NA
MOS00053_Pakistan,KF406701,MOS00053,2012,Pakistan,Major,Native,31.486,74.266,Punjab,Lahore,Hap8,Urban,NA,NA
MOS00070_Pakistan,KF406702,MOS00070,2012,Pakistan,Major,Native,31.491,74.266,Punjab,Lahore,Hap1,Urban,NA,NA
MOS00079_Pakistan,KF406703,MOS00079,2012,Pakistan,Major,Native,31.493,74.254,Punjab,Lahore,Hap1,Urban,NA,NA
MOS00095_Pakistan,KF406704,MOS00095,2012,Pakistan,Major,Native,31.495,74.252,Punjab,Lahore,Hap1,Urban,NA,NA
MOS00527_Pakistan,KF406705,MOS00527,2012,Pakistan,Major,Native,31.081,72.969,Punjab,Samundri,Hap1,Urban,NA,NA
MOS00893_Pakistan,KF406682,MOS00893,2012,Pakistan,Major,Native,30.99,74.283,Punjab,Sheikhupura,Hap1,Urban,NA,NA
MOS00908_Pakistan,KF406708,MOS00908,2012,Pakistan,Major,Native,30.97,74.031,Punjab,Chunian,Hap1,Urban,NA,NA
MOS00910_Pakistan,KF406707,MOS00910,2012,Pakistan,Major,Native,30.97,74.031,Punjab,Chunian,Hap1,Rural,NA,NA
MOS01072_Pakistan,KF406695,MOS01072,2012,Pakistan,Major,Native,30.661,73.018,Punjab,Sahiwal,Hap1,Urban,NA,NA
MOS01186_Pakistan,KF406686,MOS01186,2012,Pakistan,Major,Native,30.98,72.877,Punjab,Samundri,Hap1,Rural,NA,NA
MOS01227_Pakistan,KF406689,MOS01227,2012,Pakistan,Major,Native,31.749,73.83,Punjab,Sheikhupura,Hap1,Urban,NA,NA
MOS01281_Pakistan,KF406684,MOS01281,2012,Pakistan,Major,Native,31.688,73.923,Punjab,Sheikhupura,Hap1,Rural,NA,NA
MOS01285_Pakistan,KF406687,MOS01285,2012,Pakistan,Major,Native,31.568,74.331,Punjab,Lahore,Hap1,Urban,NA,NA
MOS01297_Pakistan,KF406706,MOS01297,2012,Pakistan,Major,Native,31.682,73.542,Punjab,Sheikhupura,Hap1,Urban,NA,NA
MOS01324_Pakistan,KF406699,MOS01324,2012,Pakistan,Major,Native,31.582,74.329,Punjab,Lahore,Hap1,Urban,NA,NA
MOS01325_Pakistan,KF406693,MOS01325,2012,Pakistan,Major,Native,31.582,74.329,Punjab,Lahore,Hap1,Urban,NA,NA
AstSDA500_Pakistan,KJ528895,AstSDA500,2014,Pakistan,Major,Native,NA,NA,NA,Laboratory,Hap1,NA,NA,NA
isolate1_Pakistan,PQ326383,isolate1,2023,Pakistan,Major,Native,34.9526,72.3311,Khyber Paktunkhwa,NA,NA,Urban,Trap,Immature
isolate2_Pakistan,PQ326384,isolate2,2023,Pakistan,Major,Native,34.9526,72.3311,Khyber Paktunkhwa,NA,NA,Urban,Trap,Immature
isolate3_Pakistan,PQ326385,isolate3,2023,Pakistan,Major,Native,34.9526,72.3311,Khyber Paktunkhwa,NA,NA,Urban,Trap,Immature
isolate4_Pakistan,PQ326386,isolate4,2023,Pakistan,Major,Native,34.9526,72.3311,Khyber Paktunkhwa,NA,NA,Urban,Trap,Immature
k1_Pakistan,PQ326387,k1,2023,Pakistan,Major,Native,34.9526,72.3311,Khyber Paktunkhwa,NA,NA,Urban,Trap,Immature
k2_Pakistan,PQ326388,k2,2023,Pakistan,Major,Native,34.9526,72.3311,Khyber Paktunkhwa,NA,NA,Urban,Trap,Immature
k3_Pakistan,PQ326389,k3,2023,Pakistan,Major,Native,34.9526,72.3311,Khyber Paktunkhwa,NA,NA,Urban,Trap,Immature
k4_Pakistan,PQ326390,k4,2023,Pakistan,Major,Native,34.9526,72.3311,Khyber Paktunkhwa,NA,NA,Urban,Trap,Immature
k5_Pakistan,PQ326391,k5,2023,Pakistan,Major,Native,34.9526,72.3311,Khyber Paktunkhwa,NA,NA,Urban,Trap,Immature
AstKSA1_SaudiArabia,KJ528887,AstKSA1,2011,Saudi Arabia,Ambiguous1,Native,26.7,49.8,Al Ahsaa,Bani Ma'n,Hap10,NA,NA,Immature
AstKSA80_SaudiArabia,KJ528892,AstKSA80,2011,Saudi Arabia,Ambiguous1,Native,25.4,49.7,Al Ahsaa,Al Fudul,Hap10,NA,NA,Immature
AstKSA12_SaudiArabia,KJ528888,AstKSA12,2012,Saudi Arabia,Ambiguous1,Native,25.4,49.7,Al Ahsaa,Al Fudul,Hap11,NA,NA,Immature
AstKSA19_SaudiArabia,KJ528889,AstKSA19,2012,Saudi Arabia,Ambiguous1,Native,26.6,49.9,Dammam,Al Awjam,Hap10,NA,NA,Immature
AstKSA24_SaudiArabia,KJ528890,AstKSA24,2012,Saudi Arabia,Ambiguous1,Native,26.6,49.9,Dammam,Safwa,Hap10,NA,NA,Immature
AstKSA41_SaudiArabia,KJ528891,AstKSA41,2012,Saudi Arabia,Ambiguous1,Native,25.4,49.7,Al Ahsaa,Al Munayzilah,Hap12,NA,NA,Immature
AstKSA92_SaudiArabia,KJ528893,AstKSA92,2012,Saudi Arabia,Ambiguous1,Native,26.6,49.9,Dammam,Safwa,Hap13,NA,NA,Immature
AstKSA96_SaudiArabia,KJ528894,AstKSA96,2012,Saudi Arabia,Ambiguous1,Native,26.6,49.9,Dammam,Safwa,Hap10,NA,NA,Immature
E10_SaudiArabia,ERR13666937,E10,2023,Saudi Arabia,Ambiguous1,Native,25.384805,49.710295,Eastern,Al Hofuf,Hap10,Urban,Trap,Adult
E12_SaudiArabia,ERR13666938,E12,2023,Saudi Arabia,Ambiguous1,Native,25.3655,49.636685,Eastern,Al Hofuf,Hap10,Urban,Trap,Adult
E20_SaudiArabia,ERR13666939,E20,2023,Saudi Arabia,Ambiguous1,Native,25.3655,49.636685,Eastern,Al Hofuf,Hap10,Urban,Trap,Adult
E23_SaudiArabia,ERR13666940,E23,2023,Saudi Arabia,Ambiguous1,Native,25.3655,49.636685,Eastern,Al Hofuf,Hap10,Urban,Trap,Adult
E27_SaudiArabia,ERR13666942,E27,2023,Saudi Arabia,Ambiguous1,Native,25.3655,49.636685,Eastern,Al Hofuf,Hap10,Urban,Trap,Adult
E29_SaudiArabia,ERR13666943,E29,2023,Saudi Arabia,Ambiguous1,Native,25.3655,49.636685,Eastern,Al Hofuf,Hap10,Urban,Trap,Adult
E31_SaudiArabia,ERR13666944,E31,2023,Saudi Arabia,Ambiguous1,Native,25.3655,49.636685,Eastern,Al Hofuf,NA,Urban,Trap,Adult
E33_SaudiArabia,ERR13666945,E33,2023,Saudi Arabia,Ambiguous1,Native,25.3655,49.636685,Eastern,Al Hofuf,Hap10,Urban,Trap,Adult
E34_SaudiArabia,ERR13666946,E34,2023,Saudi Arabia,Ambiguous1,Native,25.3655,49.636685,Eastern,Al Hofuf,Hap10,Urban,Trap,Adult
E35_SaudiArabia,ERR13666947,E35,2023,Saudi Arabia,Ambiguous1,Native,25.3655,49.636685,Eastern,Al Hofuf,Hap10,Urban,NA,Immature
E37_SaudiArabia,ERR13666948,E37,2023,Saudi Arabia,Ambiguous1,Native,25.3655,49.636685,Eastern,Al Hofuf,Hap10,Urban,Trap,Adult
E39_SaudiArabia,ERR13666949,E39,2023,Saudi Arabia,Ambiguous1,Native,25.3655,49.636685,Eastern,Al Hofuf,Hap10,Urban,Trap,Adult
E41_SaudiArabia,ERR13666950,E41,2023,Saudi Arabia,Ambiguous1,Native,25.3655,49.636685,Eastern,Al Hofuf,Hap10,Urban,Trap,Adult
E42_SaudiArabia,ERR13666951,E42,2023,Saudi Arabia,Ambiguous1,Native,25.3655,49.636685,Eastern,Al Hofuf,Hap10,Urban,Trap,Adult
E43_SaudiArabia,ERR13666952,E43,2023,Saudi Arabia,Ambiguous1,Native,25.3655,49.636685,Eastern,Al Hofuf,Hap10,Urban,Trap,Adult
E45_SaudiArabia,ERR13666953,E45,2023,Saudi Arabia,Ambiguous1,Native,25.3655,49.636685,Eastern,Al Hofuf,Hap10,Urban,Trap,Adult
E46_SaudiArabia,ERR13666954,E46,2023,Saudi Arabia,Ambiguous1,Native,25.3655,49.636685,Eastern,Al Hofuf,Hap10,Urban,Trap,Adult
E47_SaudiArabia,ERR13666955,E47,2023,Saudi Arabia,Ambiguous1,Native,25.3655,49.636685,Eastern,Al Hofuf,Hap10,Urban,Trap,Adult
E8_SaudiArabia,ERR13666957,E8,2023,Saudi Arabia,Ambiguous1,Native,25.384805,49.710295,Eastern,Al Hofuf,Hap10,Urban,NA,Immature
E9_SaudiArabia,ERR13666958,E9,2023,Saudi Arabia,Ambiguous1,Native,25.384805,49.710295,Eastern,Al Hofuf,Hap10,Urban,NA,Immature
R1_SaudiArabia,ERR13666959,R1,2023,Saudi Arabia,Ambiguous,Native,24.58742,46.717158,Riyadh,Riyadh,Hap10,Urban,Trap,Adult
R11B_SaudiArabia,ERR13666961,R11B,2023,Saudi Arabia,Ambiguous,Native,24.521563,46.722447,Riyadh,Riyadh,Hap10,Urban,Trap,Adult
R16_SaudiArabia,ERR13666962,R16,2023,Saudi Arabia,Ambiguous,Native,24.62364,46.59505,Riyadh,Riyadh,Hap10,Urban,Trap,Adult
R17_SaudiArabia,ERR13666963,R17,2023,Saudi Arabia,Ambiguous,Native,24.64376,46.67058,Riyadh,Riyadh,Hap10,Urban,Trap,Adult
R17B_SaudiArabia,ERR13666964,R17B,2023,Saudi Arabia,Ambiguous,Native,24.64376,46.67058,Riyadh,Riyadh,Hap10,Urban,Trap,Adult
R17D_SaudiArabia,ERR13666966,R17D,2023,Saudi Arabia,Ambiguous,Native,24.64376,46.67058,Riyadh,Riyadh,Hap10,Urban,Trap,Adult
R17E_SaudiArabia,ERR13666967,R17E,2023,Saudi Arabia,Ambiguous,Native,24.64376,46.67058,Riyadh,Riyadh,Hap10,Urban,Trap,Adult
R17F_SaudiArabia,ERR13666968,R17F,2023,Saudi Arabia,Ambiguous,Native,24.64376,46.67058,Riyadh,Riyadh,Hap10,Urban,Trap,Adult
R1C_SaudiArabia,ERR13666969,R1C,2023,Saudi Arabia,Ambiguous,Native,24.566438,46.577957,Riyadh,Riyadh,Hap10,Urban,Trap,Adult
R1D_SaudiArabia,ERR13666970,R1D,2023,Saudi Arabia,Ambiguous,Native,24.566438,46.577957,Riyadh,Riyadh,Hap10,Urban,Trap,Adult
R1E_SaudiArabia,ERR13666971,R1E,2023,Saudi Arabia,Ambiguous,Native,24.566438,46.577957,Riyadh,Riyadh,Hap10,Urban,Trap,Adult
R20_SaudiArabia,ERR13666972,R20,2023,Saudi Arabia,Ambiguous,Native,24.62072,46.59143,Riyadh,Riyadh,Hap10,Urban,Trap,Adult
R20B_SaudiArabia,ERR13666973,R20B,2023,Saudi Arabia,Ambiguous,Native,24.62072,46.59143,Riyadh,Riyadh,Hap10,Urban,Trap,Adult
R21_SaudiArabia,ERR13666974,R21,2023,Saudi Arabia,Ambiguous,Native,24.61955,46.54148,Riyadh,Riyadh,Hap10,Urban,Trap,Adult
R22_SaudiArabia,ERR13666975,R22,2023,Saudi Arabia,Ambiguous,Native,24.62288,46.5962,Riyadh,Riyadh,Hap10,Urban,Trap,Adult
R3D_SaudiArabia,ERR13666967,R3D,2023,Saudi Arabia,Ambiguous,Native,24.652454,46.560015,Riyadh,Riyadh,Hap10,Urban,Trap,Adult
R4_SaudiArabia,ERR13666980,R4,2023,Saudi Arabia,Ambiguous,Native,24.65902,46.604225,Riyadh,Riyadh,Hap10,Urban,Trap,Adult
R5_SaudiArabia,ERR13666981,R5,2023,Saudi Arabia,Ambiguous,Native,24.55019,46.538182,Riyadh,Riyadh,Hap10,Urban,Trap,Adult
Y001_Somalia,ON421572,Y001,2020,Somalia,Major,Invasive,10.438,45.016,Sahil,Berbera,Hap2,Urban,Artificial,Immature
Y002_Somalia,NA,Y002,2020,Somalia,Major,Invasive,10.438,45.016,Sahil,Wadajir,Hap2,Urban,Artificial,Immature
Y003_Somalia,NA,Y003,2020,Somalia,Major,Invasive,10.438,45.016,Sahil,Wadajir,Hap3,Urban,Artificial,Immature
Y004_Somalia,NA,Y004,2020,Somalia,Major,Invasive,10.438,45.016,Sahil,Wadajir,Hap2,Urban,Artificial,Immature
Y005_Somalia,NA,Y005,2020,Somalia,Major,Invasive,10.438,45.016,Sahil,Wadajir,Hap2,Urban,Artificial,Immature
Y007_Somalia,NA,Y007,2020,Somalia,Major,Invasive,9.5597,44.0595,Marodijeh,Hargeisa,Hap3,Urban,Artificial,Immature
Y008_Somalia,NA,Y008,2020,Somalia,Major,Invasive,9.5597,44.0595,Marodijeh,Hargeisa,Hap2,Urban,Artificial,Immature
Y009_Somalia,NA,Y009,2020,Somalia,Major,Invasive,9.5597,44.0595,Marodijeh,Hargeisa,Hap2,Urban,Artificial,Immature
Y010_Somalia,NA,Y010,2020,Somalia,Major,Invasive,9.5597,44.0595,Marodijeh,Hargeisa,Hap3,Urban,Artificial,Immature
Y011_Somalia,NA,Y011,2020,Somalia,Major,Invasive,11.4582,43.26313,Salal,Lawyacado,Hap3,Urban,Artificial,Immature
Y012_Somalia,NA,Y012,2020,Somalia,Major,Invasive,11.4582,43.26313,Salal,Lawyacado,Hap2,Urban,Artificial,Immature
Y013_Somalia,NA,Y013,2020,Somalia,Major,Invasive,11.4582,43.26313,Salal,Lawyacado,Hap3,Urban,Artificial,Immature
Y014_Somalia,ON421574,Y014,2020,Somalia,Major,Invasive,11.4582,43.26313,Salal,Lawyacado,Hap4,Urban,Artificial,Immature
Y015_Somalia,NA,Y015,2020,Somalia,Major,Invasive,11.4582,43.26313,Salal,Lawyacado,Hap4,Urban,Artificial,Immature
Y016_Somalia,NA,Y016,2020,Somalia,Major,Invasive,9.5597,44.0595,Marodijeh,Hargeisa,Hap3,Urban,Artificial,Immature
Y017_Somalia,NA,Y017,2020,Somalia,Major,Invasive,9.5597,44.0595,Marodijeh,Hargeisa,Hap3,Urban,Artificial,Immature
Y018_Somalia,NA,Y018,2020,Somalia,Major,Invasive,9.5597,44.0595,Marodijeh,Hargeisa,Hap3,Urban,Artificial,Immature
Y019_Somalia,NA,Y019,2020,Somalia,Major,Invasive,11.4582,43.26313,Salal,Lawyacado,Hap2,Urban,Artificial,Immature
Y020_Somalia,NA,Y020,2020,Somalia,Major,Invasive,9.5597,44.0595,Marodijeh,Hargeisa,Hap3,Urban,Artificial,Immature
Y024_Somalia,NA,Y024,2020,Somalia,Major,Invasive,11.4582,43.26313,Salal,Lawyacado,Hap3,Urban,Artificial,Immature
Y025_Somalia,NA,Y025,2020,Somalia,Major,Invasive,11.4582,43.26313,Salal,Lawyacado,Hap2,Urban,Artificial,Immature
Y032_Somalia,NA,Y032,2020,Somalia,Major,Invasive,11.4582,43.26313,Salal,Lawyacado,Hap2,Urban,Artificial,Immature
Y033_Somalia,NA,Y033,2020,Somalia,Major,Invasive,11.4582,43.26313,Salal,Lawyacado,Hap4,Urban,Artificial,Immature
Y035_Somalia,NA,Y035,2020,Somalia,Major,Invasive,11.4582,43.26313,Salal,Lawyacado,Hap4,Urban,Artificial,Immature
Y036_Somalia,NA,Y036,2020,Somalia,Major,Invasive,11.4582,43.26313,Salal,Lawyacado,Hap3,Urban,Artificial,Immature
Y037_Somalia,NA,Y037,2020,Somalia,Major,Invasive,9.5597,44.0595,Marodijeh,Hargeisa,Hap3,Urban,Artificial,Immature
Y038_Somalia,NA,Y038,2020,Somalia,Major,Invasive,9.5597,44.0595,Marodijeh,Hargeisa,Hap3,Urban,Artificial,Immature
Y039_Somalia,NA,Y039,2020,Somalia,Major,Invasive,10.438,45.016,Sahil,Berbera,Hap2,Urban,Artificial,Immature
Y041_Somalia,NA,Y041,2020,Somalia,Major,Invasive,10.438,45.016,Sahil,Berbera,Hap2,Urban,Artificial,Immature
Y042_Somalia,NA,Y042,2020,Somalia,Major,Invasive,10.438,45.016,Sahil,Berbera,Hap2,Urban,Artificial,Immature
Y043_Somalia,NA,Y043,2020,Somalia,Major,Invasive,10.438,45.016,Sahil,Berbera,Hap2,Urban,Artificial,Immature
Y045_Somalia,NA,Y045,2020,Somalia,Major,Invasive,9.5597,44.0595,Marodijeh,Hargeisa,Hap3,Urban,Artificial,Immature
Y046_Somalia,ON421573,Y046,2020,Somalia,Major,Invasive,10.438,45.016,Sahil,Berbera,Hap3,Urban,Artificial,Immature
som1_Somalia,NA,som1,2024,Somalia,Major,Invasive,2.039124,45.344621,Bonaadir,Mogadishu,Hap3,Urban,Artificial,Immature
som2_Somalia,NA,som2,2024,Somalia,Major,Invasive,2.039124,45.344621,Bonaadir,Mogadishu,Hap3,Urban,Artificial,Immature
F005_SriLanka,MF975728,F005,2017,Sri Lanka,Major,Invasive,NA,NA,Mannar,Pesalai,Hap1,Urban,Wells/Cement Tanks,Immature
F006_SriLanka,MF975730,F006,2017,Sri Lanka,Major,Invasive,NA,NA,Mannar,Pesalai,Hap6,Urban,Wells/Cement Tanks,Immature
M003_SriLanka,MF975729,M003,2017,Sri Lanka,Major,Invasive,NA,NA,Mannar,Pesalai,Hap6,Urban,Wells/Cement Tanks,Immature
M004_SriLanka,MF975731,M004,2017,Sri Lanka,Major,Invasive,NA,NA,Mannar,Pesalai,Hap6,Urban,Wells/Cement Tanks,Immature
X01_SriLanka,MF124608,X01,2017,Sri Lanka,Major,Invasive,9.03,79.88,Mannar,Pesalai,Hap1,Rural,Wells/Cement Tanks,Immature
X02_SriLanka,MF124609,X02,2017,Sri Lanka,Major,Invasive,9.08,79.84,Mannar,Pesalai,Hap1,Rural,Wells/Cement Tanks,Immature
X03_SriLanka,MF124610,X03,2017,Sri Lanka,Major,Invasive,9.07,79.84,Mannar,Pesalai,Hap1,Urban,Wells/Cement Tanks,Immature
X04_SriLanka,MF124611,X04,2017,Sri Lanka,Major,Invasive,9.08,79.82,Mannar,Pesalai,Hap7,Urban,Wells/Cement Tanks,Immature
TutiIsland01_Sudan,MZ725449,TutiIsland01,2018,Sudan,Major,Invasive,15.6202,32.5062,Khartoum,Tuti Island,Hap2,Urban,Urban,Adult
TutiIsland02_Sudan,MZ725450,TutiIsland02,2018,Sudan,Major,Invasive,15.6202,32.5062,Khartoum,Tuti Island,Hap2,Urban,Urban,Adult
Sudan_COX1_Haplotype1_Sudan,MW197099,Sudan_COX1_Haplotype1,2020,Sudan,Major,Invasive,NA,NA,NA,NA,Hap2,NA,NA,NA
Sudan_COX1_Haplotype2_Sudan,MW197100,Sudan_COX1_Haplotype2,2020,Sudan,Major,Invasive,NA,NA,NA,NA,Hap2,NA,NA,NA
Sudan_COX1_Haplotype3_Sudan,MW197101,Sudan_COX1_Haplotype3,2020,Sudan,Major,Invasive,NA,NA,NA,NA,Hap1,NA,NA,NA
AlGeradif-1_Sudan,OK216737,AlGeradif-1,2021,Sudan,NA,Invasive,NA,NA,Al Geradif,NA,NA,NA,NA,NA
AlGeradif-10_Sudan,OK216736,AlGeradif-10,2021,Sudan,NA,Invasive,NA,NA,Al Geradif,NA,NA,NA,NA,NA
AlGeradif-11_Sudan,OK216735,AlGeradif-11,2021,Sudan,NA,Invasive,NA,NA,Al Geradif,NA,NA,NA,NA,NA
AlGeradif-12_Sudan,OK216733,AlGeradif-12,2021,Sudan,NA,Invasive,NA,NA,Al Geradif,NA,NA,NA,NA,NA
AlGeradif-13_Sudan,OK216732,AlGeradif-13,2021,Sudan,NA,Invasive,NA,NA,Al Geradif,NA,NA,NA,NA,NA
AlGeradif-14_Sudan,OK216731,AlGeradif-14,2021,Sudan,NA,Invasive,NA,NA,Al Geradif,NA,NA,NA,NA,NA
AlGeradif-15_Sudan,OK216730,AlGeradif-15,2021,Sudan,NA,Invasive,NA,NA,Al Geradif,NA,NA,NA,NA,NA
AlGeradif-16_Sudan,OK216734,AlGeradif-16,2021,Sudan,NA,Invasive,NA,NA,Al Geradif,NA,NA,NA,NA,NA
AlGeradif-17_Sudan,OK216729,AlGeradif-17,2021,Sudan,NA,Invasive,NA,NA,Al Geradif,NA,NA,NA,NA,NA
AlGeradif-18_Sudan,OK216728,AlGeradif-18,2021,Sudan,NA,Invasive,NA,NA,Al Geradif,NA,NA,NA,NA,NA
AlGeradif-19_Sudan,OK216727,AlGeradif-19,2021,Sudan,NA,Invasive,NA,NA,Al Geradif,NA,NA,NA,NA,NA
AlGeradif-2_Sudan,OK216726,AlGeradif-2,2021,Sudan,NA,Invasive,NA,NA,Al Geradif,NA,NA,NA,NA,NA
AlGeradif-20_Sudan,OK216725,AlGeradif-20,2021,Sudan,NA,Invasive,NA,NA,Al Geradif,NA,NA,NA,NA,NA
AlGeradif-21_Sudan,OK216724,AlGeradif-21,2021,Sudan,NA,Invasive,NA,NA,Al Geradif,NA,NA,NA,NA,NA
AlGeradif-22_Sudan,OK216723,AlGeradif-22,2021,Sudan,NA,Invasive,NA,NA,Al Geradif,NA,NA,NA,NA,NA
AlGeradif-23_Sudan,OK216722,AlGeradif-23,2021,Sudan,NA,Invasive,NA,NA,Al Geradif,NA,NA,NA,NA,NA
AlGeradif-24_Sudan,OK216721,AlGeradif-24,2021,Sudan,NA,Invasive,NA,NA,Al Geradif,NA,NA,NA,NA,NA
AlGeradif-25_Sudan,OK216720,AlGeradif-25,2021,Sudan,NA,Invasive,NA,NA,Al Geradif,NA,NA,NA,NA,NA
AlGeradif-26_Sudan,OK216719,AlGeradif-26,2021,Sudan,NA,Invasive,NA,NA,Al Geradif,NA,NA,NA,NA,NA
AlGeradif-27_Sudan,OK216718,AlGeradif-27,2021,Sudan,NA,Invasive,NA,NA,Al Geradif,NA,NA,NA,NA,NA
AlGeradif-28_Sudan,OK216717,AlGeradif-28,2021,Sudan,NA,Invasive,NA,NA,Al Geradif,NA,NA,NA,NA,NA
AlGeradif-29_Sudan,OK216716,AlGeradif-29,2021,Sudan,NA,Invasive,NA,NA,Al Geradif,NA,NA,NA,NA,NA
AlGeradif-3_Sudan,OK216715,AlGeradif-3,2021,Sudan,NA,Invasive,NA,NA,Al Geradif,NA,NA,NA,NA,NA
AlGeradif-30_Sudan,OK216714,AlGeradif-30,2021,Sudan,NA,Invasive,NA,NA,Al Geradif,NA,NA,NA,NA,NA
AlGeradif-31_Sudan,OK216713,AlGeradif-31,2021,Sudan,NA,Invasive,NA,NA,Al Geradif,NA,NA,NA,NA,NA
AlGeradif-32_Sudan,OK216712,AlGeradif-32,2021,Sudan,NA,Invasive,NA,NA,Al Geradif,NA,NA,NA,NA,NA
AlGeradif-33_Sudan,OK216711,AlGeradif-33,2021,Sudan,NA,Invasive,NA,NA,Al Geradif,NA,NA,NA,NA,NA
AlGeradif-34_Sudan,OK216710,AlGeradif-34,2021,Sudan,NA,Invasive,NA,NA,Al Geradif,NA,NA,NA,NA,NA
AlGeradif-35_Sudan,OK216709,AlGeradif-35,2021,Sudan,NA,Invasive,NA,NA,Al Geradif,NA,NA,NA,NA,NA
AlGeradif-36_Sudan,OK216708,AlGeradif-36,2021,Sudan,NA,Invasive,NA,NA,Al Geradif,NA,NA,NA,NA,NA
AlGeradif-37_Sudan,OK216707,AlGeradif-37,2021,Sudan,NA,Invasive,NA,NA,Al Geradif,NA,NA,NA,NA,NA
AlGeradif-38_Sudan,OK216706,AlGeradif-38,2021,Sudan,NA,Invasive,NA,NA,Al Geradif,NA,NA,NA,NA,NA
AlGeradif-39_Sudan,OK216705,AlGeradif-39,2021,Sudan,NA,Invasive,NA,NA,Al Geradif,NA,NA,NA,NA,NA
AlGeradif-4_Sudan,OK216704,AlGeradif-4,2021,Sudan,NA,Invasive,NA,NA,Al Geradif,NA,NA,NA,NA,NA
AlGeradif-40_Sudan,OK216703,AlGeradif-40,2021,Sudan,NA,Invasive,NA,NA,Al Geradif,NA,NA,NA,NA,NA
AlGeradif-41_Sudan,OK216702,AlGeradif-41,2021,Sudan,NA,Invasive,NA,NA,Al Geradif,NA,NA,NA,NA,NA
AlGeradif-42_Sudan,OK216701,AlGeradif-42,2021,Sudan,NA,Invasive,NA,NA,Al Geradif,NA,NA,NA,NA,NA
AlGeradif-43_Sudan,OK216700,AlGeradif-43,2021,Sudan,NA,Invasive,NA,NA,Al Geradif,NA,NA,NA,NA,NA
AlGeradif-44_Sudan,OK216699,AlGeradif-44,2021,Sudan,NA,Invasive,NA,NA,Al Geradif,NA,NA,NA,NA,NA
AlGeradif-45_Sudan,OK216698,AlGeradif-45,2021,Sudan,NA,Invasive,NA,NA,Al Geradif,NA,NA,NA,NA,NA
AlGeradif-46_Sudan,OK216697,AlGeradif-46,2021,Sudan,NA,Invasive,NA,NA,Al Geradif,NA,NA,NA,NA,NA
AlGeradif-47_Sudan,OK216696,AlGeradif-47,2021,Sudan,NA,Invasive,NA,NA,Al Geradif,NA,NA,NA,NA,NA
AlGeradif-48_Sudan,OK216695,AlGeradif-48,2021,Sudan,NA,Invasive,NA,NA,Al Geradif,NA,NA,NA,NA,NA
AlGeradif-49_Sudan,OK216694,AlGeradif-49,2021,Sudan,NA,Invasive,NA,NA,Al Geradif,NA,NA,NA,NA,NA
AlGeradif-5_Sudan,OK216693,AlGeradif-5,2021,Sudan,NA,Invasive,NA,NA,Al Geradif,NA,NA,NA,NA,NA
AlGeradif-50_Sudan,OK216692,AlGeradif-50,2021,Sudan,NA,Invasive,NA,NA,Al Geradif,NA,NA,NA,NA,NA
AlGeradif-51_Sudan,OK216691,AlGeradif-51,2021,Sudan,NA,Invasive,NA,NA,Al Geradif,NA,NA,NA,NA,NA
AlGeradif-52_Sudan,OK216690,AlGeradif-52,2021,Sudan,NA,Invasive,NA,NA,Al Geradif,NA,NA,NA,NA,NA
AlGeradif-53_Sudan,OK216689,AlGeradif-53,2021,Sudan,NA,Invasive,NA,NA,Al Geradif,NA,NA,NA,NA,NA
AlGeradif-54_Sudan,OK216688,AlGeradif-54,2021,Sudan,NA,Invasive,NA,NA,Al Geradif,NA,NA,NA,NA,NA
AlGeradif-55_Sudan,OK216687,AlGeradif-55,2021,Sudan,NA,Invasive,NA,NA,Al Geradif,NA,NA,NA,NA,NA
AlGeradif-56_Sudan,OK216686,AlGeradif-56,2021,Sudan,NA,Invasive,NA,NA,Al Geradif,NA,NA,NA,NA,NA
AlGeradif-57_Sudan,OK216685,AlGeradif-57,2021,Sudan,NA,Invasive,NA,NA,Al Geradif,NA,NA,NA,NA,NA
AlGeradif-58_Sudan,OK216684,AlGeradif-58,2021,Sudan,NA,Invasive,NA,NA,Al Geradif,NA,NA,NA,NA,NA
AlGeradif-59_Sudan,OK216683,AlGeradif-59,2021,Sudan,NA,Invasive,NA,NA,Al Geradif,NA,NA,NA,NA,NA
AlGeradif-6_Sudan,OK216682,AlGeradif-6,2021,Sudan,NA,Invasive,NA,NA,Al Geradif,NA,NA,NA,NA,NA
AlGeradif-60_Sudan,OK216681,AlGeradif-60,2021,Sudan,NA,Invasive,NA,NA,Al Geradif,NA,NA,NA,NA,NA
AlGeradif-61_Sudan,OK216680,AlGeradif-61,2021,Sudan,NA,Invasive,NA,NA,Al Geradif,NA,NA,NA,NA,NA
AlGeradif-62_Sudan,OK216679,AlGeradif-62,2021,Sudan,NA,Invasive,NA,NA,Al Geradif,NA,NA,NA,NA,NA
AlGeradif-63_Sudan,OK216678,AlGeradif-63,2021,Sudan,NA,Invasive,NA,NA,Al Geradif,NA,NA,NA,NA,NA
AlGeradif-64_Sudan,OK216677,AlGeradif-64,2021,Sudan,NA,Invasive,NA,NA,Al Geradif,NA,NA,NA,NA,NA
AlGeradif-65_Sudan,OK216676,AlGeradif-65,2021,Sudan,NA,Invasive,NA,NA,Al Geradif,NA,NA,NA,NA,NA
AlGeradif-66_Sudan,OK216675,AlGeradif-66,2021,Sudan,NA,Invasive,NA,NA,Al Geradif,NA,NA,NA,NA,NA
AlGeradif-67_Sudan,OK216674,AlGeradif-67,2021,Sudan,NA,Invasive,NA,NA,Al Geradif,NA,NA,NA,NA,NA
AlGeradif-68_Sudan,OK216673,AlGeradif-68,2021,Sudan,NA,Invasive,NA,NA,Al Geradif,NA,NA,NA,NA,NA
AlGeradif-69_Sudan,OK216672,AlGeradif-69,2021,Sudan,NA,Invasive,NA,NA,Al Geradif,NA,NA,NA,NA,NA
AlGeradif-7_Sudan,OK216671,AlGeradif-7,2021,Sudan,NA,Invasive,NA,NA,Al Geradif,NA,NA,NA,NA,NA
AlGeradif-70_Sudan,OK216670,AlGeradif-70,2021,Sudan,NA,Invasive,NA,NA,Al Geradif,NA,NA,NA,NA,NA
AlGeradif-71_Sudan,OK216669,AlGeradif-71,2021,Sudan,NA,Invasive,NA,NA,Al Geradif,NA,NA,NA,NA,NA
AlGeradif-72_Sudan,OK216668,AlGeradif-72,2021,Sudan,NA,Invasive,NA,NA,Al Geradif,NA,NA,NA,NA,NA
AlGeradif-73_Sudan,OK216667,AlGeradif-73,2021,Sudan,NA,Invasive,NA,NA,Al Geradif,NA,NA,NA,NA,NA
AlGeradif-74_Sudan,OK216666,AlGeradif-74,2021,Sudan,NA,Invasive,NA,NA,Al Geradif,NA,NA,NA,NA,NA
AlGeradif-75_Sudan,OK216665,AlGeradif-75,2021,Sudan,NA,Invasive,NA,NA,Al Geradif,NA,NA,NA,NA,NA
AlGeradif-76_Sudan,OK216664,AlGeradif-76,2021,Sudan,NA,Invasive,NA,NA,Al Geradif,NA,NA,NA,NA,NA
AlGeradif-77_Sudan,OK216663,AlGeradif-77,2021,Sudan,NA,Invasive,NA,NA,Al Geradif,NA,NA,NA,NA,NA
AlGeradif-78_Sudan,OK216662,AlGeradif-78,2021,Sudan,NA,Invasive,NA,NA,Al Geradif,NA,NA,NA,NA,NA
AlGeradif-79_Sudan,OK216661,AlGeradif-79,2021,Sudan,NA,Invasive,NA,NA,Al Geradif,NA,NA,NA,NA,NA
AlGeradif-8_Sudan,OK216660,AlGeradif-8,2021,Sudan,NA,Invasive,NA,NA,Al Geradif,NA,NA,NA,NA,NA
AlGeradif-80_Sudan,OK216659,AlGeradif-80,2021,Sudan,NA,Invasive,NA,NA,Al Geradif,NA,NA,NA,NA,NA
AlGeradif-81_Sudan,OK216658,AlGeradif-81,2021,Sudan,NA,Invasive,NA,NA,Al Geradif,NA,NA,NA,NA,NA
AlGeradif-82_Sudan,OK216657,AlGeradif-82,2021,Sudan,NA,Invasive,NA,NA,Al Geradif,NA,NA,NA,NA,NA
AlGeradif-83_Sudan,OK216656,AlGeradif-83,2021,Sudan,NA,Invasive,NA,NA,Al Geradif,NA,NA,NA,NA,NA
AlGeradif-84_Sudan,OK216655,AlGeradif-84,2021,Sudan,NA,Invasive,NA,NA,Al Geradif,NA,NA,NA,NA,NA
AlGeradif-85_Sudan,OK216654,AlGeradif-85,2021,Sudan,NA,Invasive,NA,NA,Al Geradif,NA,NA,NA,NA,NA
AlGeradif-86_Sudan,OK216653,AlGeradif-86,2021,Sudan,NA,Invasive,NA,NA,Al Geradif,NA,NA,NA,NA,NA
AlGeradif-87_Sudan,OK216652,AlGeradif-87,2021,Sudan,NA,Invasive,NA,NA,Al Geradif,NA,NA,NA,NA,NA
AlGeradif-88_Sudan,OK216651,AlGeradif-88,2021,Sudan,NA,Invasive,NA,NA,Al Geradif,NA,NA,NA,NA,NA
AlGeradif-89_Sudan,OK216650,AlGeradif-89,2021,Sudan,NA,Invasive,NA,NA,Al Geradif,NA,NA,NA,NA,NA
AlGeradif-9_Sudan,OK216649,AlGeradif-9,2021,Sudan,NA,Invasive,NA,NA,Al Geradif,NA,NA,NA,NA,NA
AlGeradif-90_Sudan,OK216648,AlGeradif-90,2021,Sudan,NA,Invasive,NA,NA,Al Geradif,NA,NA,NA,NA,NA
AlGeradif-91_Sudan,OK216647,AlGeradif-91,2021,Sudan,NA,Invasive,NA,NA,Al Geradif,NA,NA,NA,NA,NA
AlGeradif-92_Sudan,OK216646,AlGeradif-92,2021,Sudan,NA,Invasive,NA,NA,Al Geradif,NA,NA,NA,NA,NA
AlGeradif-93_Sudan,OK216645,AlGeradif-93,2021,Sudan,NA,Invasive,NA,NA,Al Geradif,NA,NA,NA,NA,NA
AlGeradif-94_Sudan,OK216644,AlGeradif-94,2021,Sudan,NA,Invasive,NA,NA,Al Geradif,NA,NA,NA,NA,NA
AlGeradif-95_Sudan,OK216643,AlGeradif-95,2021,Sudan,NA,Invasive,NA,NA,Al Geradif,NA,NA,NA,NA,NA
AlGeradif-96_Sudan,OK216642,AlGeradif-96,2021,Sudan,NA,Invasive,NA,NA,Al Geradif,NA,NA,NA,NA,NA
AlGezira1_Sudan,OK216360,AlGezira1,2021,Sudan,NA,Invasive,NA,NA,Al Gezira,NA,NA,NA,NA,NA
Kassala1_Sudan,OK216641,Kassala1,2021,Sudan,NA,Invasive,NA,NA,Kassala,NA,NA,NA,NA,NA
Kassala10_Sudan,OK216640,Kassala10,2021,Sudan,NA,Invasive,NA,NA,Kassala,NA,NA,NA,NA,NA
Kassala11_Sudan,OK216639,Kassala11,2021,Sudan,NA,Invasive,NA,NA,Kassala,NA,NA,NA,NA,NA
Kassala12_Sudan,OK216638,Kassala12,2021,Sudan,NA,Invasive,NA,NA,Kassala,NA,NA,NA,NA,NA
Kassala13_Sudan,OK216637,Kassala13,2021,Sudan,NA,Invasive,NA,NA,Kassala,NA,NA,NA,NA,NA
Kassala14_Sudan,OK216636,Kassala14,2021,Sudan,NA,Invasive,NA,NA,Kassala,NA,NA,NA,NA,NA
Kassala15_Sudan,OK216635,Kassala15,2021,Sudan,NA,Invasive,NA,NA,Kassala,NA,NA,NA,NA,NA
Kassala16_Sudan,OK216634,Kassala16,2021,Sudan,NA,Invasive,NA,NA,Kassala,NA,NA,NA,NA,NA
Kassala17_Sudan,OK216633,Kassala17,2021,Sudan,NA,Invasive,NA,NA,Kassala,NA,NA,NA,NA,NA
Kassala18_Sudan,OK216632,Kassala18,2021,Sudan,NA,Invasive,NA,NA,Kassala,NA,NA,NA,NA,NA
Kassala19_Sudan,OK216631,Kassala19,2021,Sudan,NA,Invasive,NA,NA,Kassala,NA,NA,NA,NA,NA
Kassala2_Sudan,OK216630,Kassala2,2021,Sudan,NA,Invasive,NA,NA,Kassala,NA,NA,NA,NA,NA
Kassala20_Sudan,OK216629,Kassala20,2021,Sudan,NA,Invasive,NA,NA,Kassala,NA,NA,NA,NA,NA
Kassala21_Sudan,OK216628,Kassala21,2021,Sudan,NA,Invasive,NA,NA,Kassala,NA,NA,NA,NA,NA
Kassala22_Sudan,OK216627,Kassala22,2021,Sudan,NA,Invasive,NA,NA,Kassala,NA,NA,NA,NA,NA
Kassala23_Sudan,OK216626,Kassala23,2021,Sudan,NA,Invasive,NA,NA,Kassala,NA,NA,NA,NA,NA
Kassala24_Sudan,OK216625,Kassala24,2021,Sudan,NA,Invasive,NA,NA,Kassala,NA,NA,NA,NA,NA
Kassala25_Sudan,OK216624,Kassala25,2021,Sudan,NA,Invasive,NA,NA,Kassala,NA,NA,NA,NA,NA
Kassala26_Sudan,OK216623,Kassala26,2021,Sudan,NA,Invasive,NA,NA,Kassala,NA,NA,NA,NA,NA
Kassala27_Sudan,OK216622,Kassala27,2021,Sudan,NA,Invasive,NA,NA,Kassala,NA,NA,NA,NA,NA
Kassala28_Sudan,OK216621,Kassala28,2021,Sudan,NA,Invasive,NA,NA,Kassala,NA,NA,NA,NA,NA
Kassala29_Sudan,OK216620,Kassala29,2021,Sudan,NA,Invasive,NA,NA,Kassala,NA,NA,NA,NA,NA
Kassala3_Sudan,OK216619,Kassala3,2021,Sudan,NA,Invasive,NA,NA,Kassala,NA,NA,NA,NA,NA
Kassala30_Sudan,OK216618,Kassala30,2021,Sudan,NA,Invasive,NA,NA,Kassala,NA,NA,NA,NA,NA
Kassala31_Sudan,OK216617,Kassala31,2021,Sudan,NA,Invasive,NA,NA,Kassala,NA,NA,NA,NA,NA
Kassala32_Sudan,OK216616,Kassala32,2021,Sudan,NA,Invasive,NA,NA,Kassala,NA,NA,NA,NA,NA
Kassala33_Sudan,OK216615,Kassala33,2021,Sudan,NA,Invasive,NA,NA,Kassala,NA,NA,NA,NA,NA
Kassala34_Sudan,OK216614,Kassala34,2021,Sudan,NA,Invasive,NA,NA,Kassala,NA,NA,NA,NA,NA
Kassala35_Sudan,OK216613,Kassala35,2021,Sudan,NA,Invasive,NA,NA,Kassala,NA,NA,NA,NA,NA
Kassala36_Sudan,OK216612,Kassala36,2021,Sudan,NA,Invasive,NA,NA,Kassala,NA,NA,NA,NA,NA
Kassala37_Sudan,OK216611,Kassala37,2021,Sudan,NA,Invasive,NA,NA,Kassala,NA,NA,NA,NA,NA
Kassala38_Sudan,OK216610,Kassala38,2021,Sudan,NA,Invasive,NA,NA,Kassala,NA,NA,NA,NA,NA
Kassala39_Sudan,OK216609,Kassala39,2021,Sudan,NA,Invasive,NA,NA,Kassala,NA,NA,NA,NA,NA
Kassala4_Sudan,OK216608,Kassala4,2021,Sudan,NA,Invasive,NA,NA,Kassala,NA,NA,NA,NA,NA
Kassala40_Sudan,OK216607,Kassala40,2021,Sudan,NA,Invasive,NA,NA,Kassala,NA,NA,NA,NA,NA
Kassala41_Sudan,OK216606,Kassala41,2021,Sudan,NA,Invasive,NA,NA,Kassala,NA,NA,NA,NA,NA
Kassala42_Sudan,OK216605,Kassala42,2021,Sudan,NA,Invasive,NA,NA,Kassala,NA,NA,NA,NA,NA
Kassala43_Sudan,OK216604,Kassala43,2021,Sudan,NA,Invasive,NA,NA,Kassala,NA,NA,NA,NA,NA
Kassala44_Sudan,OK216603,Kassala44,2021,Sudan,NA,Invasive,NA,NA,Kassala,NA,NA,NA,NA,NA
Kassala45_Sudan,OK216602,Kassala45,2021,Sudan,NA,Invasive,NA,NA,Kassala,NA,NA,NA,NA,NA
Kassala46_Sudan,OK216601,Kassala46,2021,Sudan,NA,Invasive,NA,NA,Kassala,NA,NA,NA,NA,NA
Kassala47_Sudan,OK216600,Kassala47,2021,Sudan,NA,Invasive,NA,NA,Kassala,NA,NA,NA,NA,NA
Kassala48_Sudan,OK216599,Kassala48,2021,Sudan,NA,Invasive,NA,NA,Kassala,NA,NA,NA,NA,NA
Kassala49_Sudan,OK216598,Kassala49,2021,Sudan,NA,Invasive,NA,NA,Kassala,NA,NA,NA,NA,NA
Kassala5_Sudan,OK216597,Kassala5,2021,Sudan,NA,Invasive,NA,NA,Kassala,NA,NA,NA,NA,NA
Kassala50_Sudan,OK216596,Kassala50,2021,Sudan,NA,Invasive,NA,NA,Kassala,NA,NA,NA,NA,NA
Kassala51_Sudan,OK216595,Kassala51,2021,Sudan,NA,Invasive,NA,NA,Kassala,NA,NA,NA,NA,NA
Kassala52_Sudan,OK216594,Kassala52,2021,Sudan,NA,Invasive,NA,NA,Kassala,NA,NA,NA,NA,NA
Kassala53_Sudan,OK216593,Kassala53,2021,Sudan,NA,Invasive,NA,NA,Kassala,NA,NA,NA,NA,NA
Kassala54_Sudan,OK216592,Kassala54,2021,Sudan,NA,Invasive,NA,NA,Kassala,NA,NA,NA,NA,NA
Kassala55_Sudan,OK216591,Kassala55,2021,Sudan,NA,Invasive,NA,NA,Kassala,NA,NA,NA,NA,NA
Kassala56_Sudan,OK216590,Kassala56,2021,Sudan,NA,Invasive,NA,NA,Kassala,NA,NA,NA,NA,NA
Kassala57_Sudan,OK216589,Kassala57,2021,Sudan,NA,Invasive,NA,NA,Kassala,NA,NA,NA,NA,NA
Kassala58_Sudan,OK216588,Kassala58,2021,Sudan,NA,Invasive,NA,NA,Kassala,NA,NA,NA,NA,NA
Kassala59_Sudan,OK216587,Kassala59,2021,Sudan,NA,Invasive,NA,NA,Kassala,NA,NA,NA,NA,NA
Kassala6_Sudan,OK216586,Kassala6,2021,Sudan,NA,Invasive,NA,NA,Kassala,NA,NA,NA,NA,NA
Kassala60_Sudan,OK216585,Kassala60,2021,Sudan,NA,Invasive,NA,NA,Kassala,NA,NA,NA,NA,NA
Kassala61_Sudan,OK216584,Kassala61,2021,Sudan,NA,Invasive,NA,NA,Kassala,NA,NA,NA,NA,NA
Kassala62_Sudan,OK216583,Kassala62,2021,Sudan,NA,Invasive,NA,NA,Kassala,NA,NA,NA,NA,NA
Kassala63_Sudan,OK216582,Kassala63,2021,Sudan,NA,Invasive,NA,NA,Kassala,NA,NA,NA,NA,NA
Kassala64_Sudan,OK216581,Kassala64,2021,Sudan,NA,Invasive,NA,NA,Kassala,NA,NA,NA,NA,NA
Kassala65_Sudan,OK216580,Kassala65,2021,Sudan,NA,Invasive,NA,NA,Kassala,NA,NA,NA,NA,NA
Kassala66_Sudan,OK216579,Kassala66,2021,Sudan,NA,Invasive,NA,NA,Kassala,NA,NA,NA,NA,NA
Kassala67_Sudan,OK216578,Kassala67,2021,Sudan,NA,Invasive,NA,NA,Kassala,NA,NA,NA,NA,NA
Kassala68_Sudan,OK216577,Kassala68,2021,Sudan,NA,Invasive,NA,NA,Kassala,NA,NA,NA,NA,NA
Kassala69_Sudan,OK216576,Kassala69,2021,Sudan,NA,Invasive,NA,NA,Kassala,NA,NA,NA,NA,NA
Kassala7_Sudan,OK216575,Kassala7,2021,Sudan,NA,Invasive,NA,NA,Kassala,NA,NA,NA,NA,NA
Kassala70_Sudan,OK216574,Kassala70,2021,Sudan,NA,Invasive,NA,NA,Kassala,NA,NA,NA,NA,NA
Kassala71_Sudan,OK216573,Kassala71,2021,Sudan,NA,Invasive,NA,NA,Kassala,NA,NA,NA,NA,NA
Kassala72_Sudan,OK216572,Kassala72,2021,Sudan,NA,Invasive,NA,NA,Kassala,NA,NA,NA,NA,NA
Kassala73_Sudan,OK216571,Kassala73,2021,Sudan,NA,Invasive,NA,NA,Kassala,NA,NA,NA,NA,NA
Kassala74_Sudan,OK216570,Kassala74,2021,Sudan,NA,Invasive,NA,NA,Kassala,NA,NA,NA,NA,NA
Kassala75_Sudan,OK216569,Kassala75,2021,Sudan,NA,Invasive,NA,NA,Kassala,NA,NA,NA,NA,NA
Kassala76_Sudan,OK216568,Kassala76,2021,Sudan,NA,Invasive,NA,NA,Kassala,NA,NA,NA,NA,NA
Kassala77_Sudan,OK216567,Kassala77,2021,Sudan,NA,Invasive,NA,NA,Kassala,NA,NA,NA,NA,NA
Kassala78_Sudan,OK216566,Kassala78,2021,Sudan,NA,Invasive,NA,NA,Kassala,NA,NA,NA,NA,NA
Kassala79_Sudan,OK216565,Kassala79,2021,Sudan,NA,Invasive,NA,NA,Kassala,NA,NA,NA,NA,NA
Kassala8_Sudan,OK216564,Kassala8,2021,Sudan,NA,Invasive,NA,NA,Kassala,NA,NA,NA,NA,NA
Kassala80_Sudan,OK216563,Kassala80,2021,Sudan,NA,Invasive,NA,NA,Kassala,NA,NA,NA,NA,NA
Kassala81_Sudan,OK216562,Kassala81,2021,Sudan,NA,Invasive,NA,NA,Kassala,NA,NA,NA,NA,NA
Kassala82_Sudan,OK216561,Kassala82,2021,Sudan,NA,Invasive,NA,NA,Kassala,NA,NA,NA,NA,NA
Kassala83_Sudan,OK216560,Kassala83,2021,Sudan,NA,Invasive,NA,NA,Kassala,NA,NA,NA,NA,NA
Kassala84_Sudan,OK216559,Kassala84,2021,Sudan,NA,Invasive,NA,NA,Kassala,NA,NA,NA,NA,NA
Kassala85_Sudan,OK216558,Kassala85,2021,Sudan,NA,Invasive,NA,NA,Kassala,NA,NA,NA,NA,NA
Kassala86_Sudan,OK216557,Kassala86,2021,Sudan,NA,Invasive,NA,NA,Kassala,NA,NA,NA,NA,NA
Kassala87_Sudan,OK216556,Kassala87,2021,Sudan,NA,Invasive,NA,NA,Kassala,NA,NA,NA,NA,NA
Kassala88_Sudan,OK216555,Kassala88,2021,Sudan,NA,Invasive,NA,NA,Kassala,NA,NA,NA,NA,NA
Kassala89_Sudan,OK216554,Kassala89,2021,Sudan,NA,Invasive,NA,NA,Kassala,NA,NA,NA,NA,NA
Kassala9_Sudan,OK216553,Kassala9,2021,Sudan,NA,Invasive,NA,NA,Kassala,NA,NA,NA,NA,NA
Kassala90_Sudan,OK216552,Kassala90,2021,Sudan,NA,Invasive,NA,NA,Kassala,NA,NA,NA,NA,NA
Kassala91_Sudan,OK216551,Kassala91,2021,Sudan,NA,Invasive,NA,NA,Kassala,NA,NA,NA,NA,NA
Kassala92_Sudan,OK216550,Kassala92,2021,Sudan,NA,Invasive,NA,NA,Kassala,NA,NA,NA,NA,NA
Kassala93_Sudan,OK216549,Kassala93,2021,Sudan,NA,Invasive,NA,NA,Kassala,NA,NA,NA,NA,NA
Kassala94_Sudan,OK216548,Kassala94,2021,Sudan,NA,Invasive,NA,NA,Kassala,NA,NA,NA,NA,NA
Khartoum1_Sudan,OK216355,Khartoum1,2021,Sudan,NA,Invasive,NA,NA,Khartoum,NA,NA,NA,NA,NA
Khartoum2_Sudan,OK216356,Khartoum2,2021,Sudan,NA,Invasive,NA,NA,Khartoum,NA,NA,NA,NA,NA
Khartoum3_Sudan,OK216357,Khartoum3,2021,Sudan,NA,Invasive,NA,NA,Khartoum,NA,NA,NA,NA,NA
Khartoum4_Sudan,OK216358,Khartoum4,2021,Sudan,NA,Invasive,NA,NA,Khartoum,NA,NA,NA,NA,NA
Khartoum5_Sudan,OK216359,Khartoum5,2021,Sudan,NA,Invasive,NA,NA,Khartoum,NA,NA,NA,NA,NA
NorthDarfur1_Sudan,OK216338,NorthDarfur1,2021,Sudan,NA,Invasive,NA,NA,North Darfur,NA,NA,NA,NA,NA
NorthDarfur2_Sudan,OK216339,NorthDarfur2,2021,Sudan,NA,Invasive,NA,NA,North Darfur,NA,NA,NA,NA,NA
NorthDarfur3_Sudan,OK216340,NorthDarfur3,2021,Sudan,NA,Invasive,NA,NA,North Darfur,NA,NA,NA,NA,NA
NorthDarfur4_Sudan,OK216341,NorthDarfur4,2021,Sudan,NA,Invasive,NA,NA,North Darfur,NA,NA,NA,NA,NA
NorthDarfur5_Sudan,OK216342,NorthDarfur5,2021,Sudan,NA,Invasive,NA,NA,North Darfur,NA,NA,NA,NA,NA
NorthDarfur6_Sudan,OK216343,NorthDarfur6,2021,Sudan,NA,Invasive,NA,NA,North Darfur,NA,NA,NA,NA,NA
RedSea1_Sudan,OK216547,RedSea1,2021,Sudan,NA,Invasive,NA,NA,Red Sea,NA,NA,NA,NA,NA
RedSea10_Sudan,OK216546,RedSea10,2021,Sudan,NA,Invasive,NA,NA,Red Sea,NA,NA,NA,NA,NA
RedSea100_Sudan,OK216545,RedSea100,2021,Sudan,NA,Invasive,NA,NA,Red Sea,NA,NA,NA,NA,NA
RedSea101_Sudan,OK216544,RedSea101,2021,Sudan,NA,Invasive,NA,NA,Red Sea,NA,NA,NA,NA,NA
RedSea102_Sudan,OK216543,RedSea102,2021,Sudan,NA,Invasive,NA,NA,Red Sea,NA,NA,NA,NA,NA
RedSea103_Sudan,OK216542,RedSea103,2021,Sudan,NA,Invasive,NA,NA,Red Sea,NA,NA,NA,NA,NA
RedSea104_Sudan,OK216541,RedSea104,2021,Sudan,NA,Invasive,NA,NA,Red Sea,NA,NA,NA,NA,NA
RedSea105_Sudan,OK216540,RedSea105,2021,Sudan,NA,Invasive,NA,NA,Red Sea,NA,NA,NA,NA,NA
RedSea106_Sudan,OK216539,RedSea106,2021,Sudan,NA,Invasive,NA,NA,Red Sea,NA,NA,NA,NA,NA
RedSea107_Sudan,OK216538,RedSea107,2021,Sudan,NA,Invasive,NA,NA,Red Sea,NA,NA,NA,NA,NA
RedSea108_Sudan,OK216537,RedSea108,2021,Sudan,NA,Invasive,NA,NA,Red Sea,NA,NA,NA,NA,NA
RedSea109_Sudan,OK216536,RedSea109,2021,Sudan,NA,Invasive,NA,NA,Red Sea,NA,NA,NA,NA,NA
RedSea11_Sudan,OK216535,RedSea11,2021,Sudan,NA,Invasive,NA,NA,Red Sea,NA,NA,NA,NA,NA
RedSea110_Sudan,OK216534,RedSea110,2021,Sudan,NA,Invasive,NA,NA,Red Sea,NA,NA,NA,NA,NA
RedSea111_Sudan,OK216533,RedSea111,2021,Sudan,NA,Invasive,NA,NA,Red Sea,NA,NA,NA,NA,NA
RedSea112_Sudan,OK216532,RedSea112,2021,Sudan,NA,Invasive,NA,NA,Red Sea,NA,NA,NA,NA,NA
RedSea113_Sudan,OK216531,RedSea113,2021,Sudan,NA,Invasive,NA,NA,Red Sea,NA,NA,NA,NA,NA
RedSea114_Sudan,OK216530,RedSea114,2021,Sudan,NA,Invasive,NA,NA,Red Sea,NA,NA,NA,NA,NA
RedSea115_Sudan,OK216529,RedSea115,2021,Sudan,NA,Invasive,NA,NA,Red Sea,NA,NA,NA,NA,NA
RedSea116_Sudan,OK216528,RedSea116,2021,Sudan,NA,Invasive,NA,NA,Red Sea,NA,NA,NA,NA,NA
RedSea117_Sudan,OK216527,RedSea117,2021,Sudan,NA,Invasive,NA,NA,Red Sea,NA,NA,NA,NA,NA
RedSea118_Sudan,OK216526,RedSea118,2021,Sudan,NA,Invasive,NA,NA,Red Sea,NA,NA,NA,NA,NA
RedSea119_Sudan,OK216525,RedSea119,2021,Sudan,NA,Invasive,NA,NA,Red Sea,NA,NA,NA,NA,NA
RedSea12_Sudan,OK216524,RedSea12,2021,Sudan,NA,Invasive,NA,NA,Red Sea,NA,NA,NA,NA,NA
RedSea120_Sudan,OK216523,RedSea120,2021,Sudan,NA,Invasive,NA,NA,Red Sea,NA,NA,NA,NA,NA
RedSea121_Sudan,OK216522,RedSea121,2021,Sudan,NA,Invasive,NA,NA,Red Sea,NA,NA,NA,NA,NA
RedSea122_Sudan,OK216521,RedSea122,2021,Sudan,NA,Invasive,NA,NA,Red Sea,NA,NA,NA,NA,NA
RedSea123_Sudan,OK216520,RedSea123,2021,Sudan,NA,Invasive,NA,NA,Red Sea,NA,NA,NA,NA,NA
RedSea124_Sudan,OK216519,RedSea124,2021,Sudan,NA,Invasive,NA,NA,Red Sea,NA,NA,NA,NA,NA
RedSea125_Sudan,OK216518,RedSea125,2021,Sudan,NA,Invasive,NA,NA,Red Sea,NA,NA,NA,NA,NA
RedSea126_Sudan,OK216517,RedSea126,2021,Sudan,NA,Invasive,NA,NA,Red Sea,NA,NA,NA,NA,NA
RedSea127_Sudan,OK216516,RedSea127,2021,Sudan,NA,Invasive,NA,NA,Red Sea,NA,NA,NA,NA,NA
RedSea128_Sudan,OK216515,RedSea128,2021,Sudan,NA,Invasive,NA,NA,Red Sea,NA,NA,NA,NA,NA
RedSea129_Sudan,OK216514,RedSea129,2021,Sudan,NA,Invasive,NA,NA,Red Sea,NA,NA,NA,NA,NA
RedSea13_Sudan,OK216513,RedSea13,2021,Sudan,NA,Invasive,NA,NA,Red Sea,NA,NA,NA,NA,NA
RedSea130_Sudan,OK216512,RedSea130,2021,Sudan,NA,Invasive,NA,NA,Red Sea,NA,NA,NA,NA,NA
RedSea131_Sudan,OK216511,RedSea131,2021,Sudan,NA,Invasive,NA,NA,Red Sea,NA,NA,NA,NA,NA
RedSea132_Sudan,OK216510,RedSea132,2021,Sudan,NA,Invasive,NA,NA,Red Sea,NA,NA,NA,NA,NA
RedSea133_Sudan,OK216509,RedSea133,2021,Sudan,NA,Invasive,NA,NA,Red Sea,NA,NA,NA,NA,NA
RedSea134_Sudan,OK216508,RedSea134,2021,Sudan,NA,Invasive,NA,NA,Red Sea,NA,NA,NA,NA,NA
RedSea135_Sudan,OK216507,RedSea135,2021,Sudan,NA,Invasive,NA,NA,Red Sea,NA,NA,NA,NA,NA
RedSea136_Sudan,OK216506,RedSea136,2021,Sudan,NA,Invasive,NA,NA,Red Sea,NA,NA,NA,NA,NA
RedSea137_Sudan,OK216505,RedSea137,2021,Sudan,NA,Invasive,NA,NA,Red Sea,NA,NA,NA,NA,NA
RedSea138_Sudan,OK216504,RedSea138,2021,Sudan,NA,Invasive,NA,NA,Red Sea,NA,NA,NA,NA,NA
RedSea139_Sudan,OK216503,RedSea139,2021,Sudan,NA,Invasive,NA,NA,Red Sea,NA,NA,NA,NA,NA
RedSea14_Sudan,OK216502,RedSea14,2021,Sudan,NA,Invasive,NA,NA,Red Sea,NA,NA,NA,NA,NA
RedSea140_Sudan,OK216501,RedSea140,2021,Sudan,NA,Invasive,NA,NA,Red Sea,NA,NA,NA,NA,NA
RedSea141_Sudan,OK216500,RedSea141,2021,Sudan,NA,Invasive,NA,NA,Red Sea,NA,NA,NA,NA,NA
RedSea142_Sudan,OK216499,RedSea142,2021,Sudan,NA,Invasive,NA,NA,Red Sea,NA,NA,NA,NA,NA
RedSea143_Sudan,OK216498,RedSea143,2021,Sudan,NA,Invasive,NA,NA,Red Sea,NA,NA,NA,NA,NA
RedSea144_Sudan,OK216497,RedSea144,2021,Sudan,NA,Invasive,NA,NA,Red Sea,NA,NA,NA,NA,NA
RedSea145_Sudan,OK216496,RedSea145,2021,Sudan,NA,Invasive,NA,NA,Red Sea,NA,NA,NA,NA,NA
RedSea146_Sudan,OK216495,RedSea146,2021,Sudan,NA,Invasive,NA,NA,Red Sea,NA,NA,NA,NA,NA
RedSea147_Sudan,OK216494,RedSea147,2021,Sudan,NA,Invasive,NA,NA,Red Sea,NA,NA,NA,NA,NA
RedSea148_Sudan,OK216493,RedSea148,2021,Sudan,NA,Invasive,NA,NA,Red Sea,NA,NA,NA,NA,NA
RedSea149_Sudan,OK216492,RedSea149,2021,Sudan,NA,Invasive,NA,NA,Red Sea,NA,NA,NA,NA,NA
RedSea15_Sudan,OK216491,RedSea15,2021,Sudan,NA,Invasive,NA,NA,Red Sea,NA,NA,NA,NA,NA
RedSea150_Sudan,OK216490,RedSea150,2021,Sudan,NA,Invasive,NA,NA,Red Sea,NA,NA,NA,NA,NA
RedSea151_Sudan,OK216489,RedSea151,2021,Sudan,NA,Invasive,NA,NA,Red Sea,NA,NA,NA,NA,NA
RedSea152_Sudan,OK216488,RedSea152,2021,Sudan,NA,Invasive,NA,NA,Red Sea,NA,NA,NA,NA,NA
RedSea153_Sudan,OK216487,RedSea153,2021,Sudan,NA,Invasive,NA,NA,Red Sea,NA,NA,NA,NA,NA
RedSea154_Sudan,OK216486,RedSea154,2021,Sudan,NA,Invasive,NA,NA,Red Sea,NA,NA,NA,NA,NA
RedSea155_Sudan,OK216485,RedSea155,2021,Sudan,NA,Invasive,NA,NA,Red Sea,NA,NA,NA,NA,NA
RedSea156_Sudan,OK216484,RedSea156,2021,Sudan,NA,Invasive,NA,NA,Red Sea,NA,NA,NA,NA,NA
RedSea157_Sudan,OK216483,RedSea157,2021,Sudan,NA,Invasive,NA,NA,Red Sea,NA,NA,NA,NA,NA
RedSea158_Sudan,OK216482,RedSea158,2021,Sudan,NA,Invasive,NA,NA,Red Sea,NA,NA,NA,NA,NA
RedSea159_Sudan,OK216481,RedSea159,2021,Sudan,NA,Invasive,NA,NA,Red Sea,NA,NA,NA,NA,NA
RedSea16_Sudan,OK216480,RedSea16,2021,Sudan,NA,Invasive,NA,NA,Red Sea,NA,NA,NA,NA,NA
RedSea160_Sudan,OK216479,RedSea160,2021,Sudan,NA,Invasive,NA,NA,Red Sea,NA,NA,NA,NA,NA
RedSea161_Sudan,OK216478,RedSea161,2021,Sudan,NA,Invasive,NA,NA,Red Sea,NA,NA,NA,NA,NA
RedSea162_Sudan,OK216477,RedSea162,2021,Sudan,NA,Invasive,NA,NA,Red Sea,NA,NA,NA,NA,NA
RedSea163_Sudan,OK216476,RedSea163,2021,Sudan,NA,Invasive,NA,NA,Red Sea,NA,NA,NA,NA,NA
RedSea164_Sudan,OK216475,RedSea164,2021,Sudan,NA,Invasive,NA,NA,Red Sea,NA,NA,NA,NA,NA
RedSea165_Sudan,OK216474,RedSea165,2021,Sudan,NA,Invasive,NA,NA,Red Sea,NA,NA,NA,NA,NA
RedSea166_Sudan,OK216473,RedSea166,2021,Sudan,NA,Invasive,NA,NA,Red Sea,NA,NA,NA,NA,NA
RedSea167_Sudan,OK216472,RedSea167,2021,Sudan,NA,Invasive,NA,NA,Red Sea,NA,NA,NA,NA,NA
RedSea168_Sudan,OK216471,RedSea168,2021,Sudan,NA,Invasive,NA,NA,Red Sea,NA,NA,NA,NA,NA
RedSea169_Sudan,OK216470,RedSea169,2021,Sudan,NA,Invasive,NA,NA,Red Sea,NA,NA,NA,NA,NA
RedSea17_Sudan,OK216469,RedSea17,2021,Sudan,NA,Invasive,NA,NA,Red Sea,NA,NA,NA,NA,NA
RedSea170_Sudan,OK216468,RedSea170,2021,Sudan,NA,Invasive,NA,NA,Red Sea,NA,NA,NA,NA,NA
RedSea171_Sudan,OK216467,RedSea171,2021,Sudan,NA,Invasive,NA,NA,Red Sea,NA,NA,NA,NA,NA
RedSea172_Sudan,OK216466,RedSea172,2021,Sudan,NA,Invasive,NA,NA,Red Sea,NA,NA,NA,NA,NA
RedSea173_Sudan,OK216465,RedSea173,2021,Sudan,NA,Invasive,NA,NA,Red Sea,NA,NA,NA,NA,NA
RedSea174_Sudan,OK216464,RedSea174,2021,Sudan,NA,Invasive,NA,NA,Red Sea,NA,NA,NA,NA,NA
RedSea175_Sudan,OK216463,RedSea175,2021,Sudan,NA,Invasive,NA,NA,Red Sea,NA,NA,NA,NA,NA
RedSea176_Sudan,OK216462,RedSea176,2021,Sudan,NA,Invasive,NA,NA,Red Sea,NA,NA,NA,NA,NA
RedSea177_Sudan,OK216461,RedSea177,2021,Sudan,NA,Invasive,NA,NA,Red Sea,NA,NA,NA,NA,NA
RedSea178_Sudan,OK216460,RedSea178,2021,Sudan,NA,Invasive,NA,NA,Red Sea,NA,NA,NA,NA,NA
RedSea179_Sudan,OK216459,RedSea179,2021,Sudan,NA,Invasive,NA,NA,Red Sea,NA,NA,NA,NA,NA
RedSea18_Sudan,OK216458,RedSea18,2021,Sudan,NA,Invasive,NA,NA,Red Sea,NA,NA,NA,NA,NA
RedSea180_Sudan,OK216457,RedSea180,2021,Sudan,NA,Invasive,NA,NA,Red Sea,NA,NA,NA,NA,NA
RedSea181_Sudan,OK216456,RedSea181,2021,Sudan,NA,Invasive,NA,NA,Red Sea,NA,NA,NA,NA,NA
RedSea182_Sudan,OK216455,RedSea182,2021,Sudan,NA,Invasive,NA,NA,Red Sea,NA,NA,NA,NA,NA
RedSea183_Sudan,OK216454,RedSea183,2021,Sudan,NA,Invasive,NA,NA,Red Sea,NA,NA,NA,NA,NA
RedSea184_Sudan,OK216453,RedSea184,2021,Sudan,NA,Invasive,NA,NA,Red Sea,NA,NA,NA,NA,NA
RedSea185_Sudan,OK216452,RedSea185,2021,Sudan,NA,Invasive,NA,NA,Red Sea,NA,NA,NA,NA,NA
RedSea186_Sudan,OK216451,RedSea186,2021,Sudan,NA,Invasive,NA,NA,Red Sea,NA,NA,NA,NA,NA
RedSea187_Sudan,OK216450,RedSea187,2021,Sudan,NA,Invasive,NA,NA,Red Sea,NA,NA,NA,NA,NA
RedSea19_Sudan,OK216449,RedSea19,2021,Sudan,NA,Invasive,NA,NA,Red Sea,NA,NA,NA,NA,NA
RedSea2_Sudan,OK216448,RedSea2,2021,Sudan,NA,Invasive,NA,NA,Red Sea,NA,NA,NA,NA,NA
RedSea20_Sudan,OK216447,RedSea20,2021,Sudan,NA,Invasive,NA,NA,Red Sea,NA,NA,NA,NA,NA
RedSea21_Sudan,OK216446,RedSea21,2021,Sudan,NA,Invasive,NA,NA,Red Sea,NA,NA,NA,NA,NA
RedSea22_Sudan,OK216445,RedSea22,2021,Sudan,NA,Invasive,NA,NA,Red Sea,NA,NA,NA,NA,NA
RedSea23_Sudan,OK216444,RedSea23,2021,Sudan,NA,Invasive,NA,NA,Red Sea,NA,NA,NA,NA,NA
RedSea24_Sudan,OK216443,RedSea24,2021,Sudan,NA,Invasive,NA,NA,Red Sea,NA,NA,NA,NA,NA
RedSea25_Sudan,OK216442,RedSea25,2021,Sudan,NA,Invasive,NA,NA,Red Sea,NA,NA,NA,NA,NA
RedSea26_Sudan,OK216441,RedSea26,2021,Sudan,NA,Invasive,NA,NA,Red Sea,NA,NA,NA,NA,NA
RedSea27_Sudan,OK216440,RedSea27,2021,Sudan,NA,Invasive,NA,NA,Red Sea,NA,NA,NA,NA,NA
RedSea28_Sudan,OK216439,RedSea28,2021,Sudan,NA,Invasive,NA,NA,Red Sea,NA,NA,NA,NA,NA
RedSea29_Sudan,OK216438,RedSea29,2021,Sudan,NA,Invasive,NA,NA,Red Sea,NA,NA,NA,NA,NA
RedSea3_Sudan,OK216437,RedSea3,2021,Sudan,NA,Invasive,NA,NA,Red Sea,NA,NA,NA,NA,NA
RedSea30_Sudan,OK216436,RedSea30,2021,Sudan,NA,Invasive,NA,NA,Red Sea,NA,NA,NA,NA,NA
RedSea31_Sudan,OK216435,RedSea31,2021,Sudan,NA,Invasive,NA,NA,Red Sea,NA,NA,NA,NA,NA
RedSea32_Sudan,OK216434,RedSea32,2021,Sudan,NA,Invasive,NA,NA,Red Sea,NA,NA,NA,NA,NA
RedSea33_Sudan,OK216433,RedSea33,2021,Sudan,NA,Invasive,NA,NA,Red Sea,NA,NA,NA,NA,NA
RedSea34_Sudan,OK216432,RedSea34,2021,Sudan,NA,Invasive,NA,NA,Red Sea,NA,NA,NA,NA,NA
RedSea35_Sudan,OK216431,RedSea35,2021,Sudan,NA,Invasive,NA,NA,Red Sea,NA,NA,NA,NA,NA
RedSea36_Sudan,OK216430,RedSea36,2021,Sudan,NA,Invasive,NA,NA,Red Sea,NA,NA,NA,NA,NA
RedSea37_Sudan,OK216429,RedSea37,2021,Sudan,NA,Invasive,NA,NA,Red Sea,NA,NA,NA,NA,NA
RedSea38_Sudan,OK216428,RedSea38,2021,Sudan,NA,Invasive,NA,NA,Red Sea,NA,NA,NA,NA,NA
RedSea39_Sudan,OK216427,RedSea39,2021,Sudan,NA,Invasive,NA,NA,Red Sea,NA,NA,NA,NA,NA
RedSea4_Sudan,OK216426,RedSea4,2021,Sudan,NA,Invasive,NA,NA,Red Sea,NA,NA,NA,NA,NA
RedSea40_Sudan,OK216425,RedSea40,2021,Sudan,NA,Invasive,NA,NA,Red Sea,NA,NA,NA,NA,NA
RedSea41_Sudan,OK216424,RedSea41,2021,Sudan,NA,Invasive,NA,NA,Red Sea,NA,NA,NA,NA,NA
RedSea42_Sudan,OK216423,RedSea42,2021,Sudan,NA,Invasive,NA,NA,Red Sea,NA,NA,NA,NA,NA
RedSea43_Sudan,OK216422,RedSea43,2021,Sudan,NA,Invasive,NA,NA,Red Sea,NA,NA,NA,NA,NA
RedSea44_Sudan,OK216421,RedSea44,2021,Sudan,NA,Invasive,NA,NA,Red Sea,NA,NA,NA,NA,NA
RedSea45_Sudan,OK216420,RedSea45,2021,Sudan,NA,Invasive,NA,NA,Red Sea,NA,NA,NA,NA,NA
RedSea46_Sudan,OK216419,RedSea46,2021,Sudan,NA,Invasive,NA,NA,Red Sea,NA,NA,NA,NA,NA
RedSea47_Sudan,OK216418,RedSea47,2021,Sudan,NA,Invasive,NA,NA,Red Sea,NA,NA,NA,NA,NA
RedSea48_Sudan,OK216417,RedSea48,2021,Sudan,NA,Invasive,NA,NA,Red Sea,NA,NA,NA,NA,NA
RedSea49_Sudan,OK216416,RedSea49,2021,Sudan,NA,Invasive,NA,NA,Red Sea,NA,NA,NA,NA,NA
RedSea5_Sudan,OK216415,RedSea5,2021,Sudan,NA,Invasive,NA,NA,Red Sea,NA,NA,NA,NA,NA
RedSea50_Sudan,OK216414,RedSea50,2021,Sudan,NA,Invasive,NA,NA,Red Sea,NA,NA,NA,NA,NA
RedSea51_Sudan,OK216413,RedSea51,2021,Sudan,NA,Invasive,NA,NA,Red Sea,NA,NA,NA,NA,NA
RedSea52_Sudan,OK216412,RedSea52,2021,Sudan,NA,Invasive,NA,NA,Red Sea,NA,NA,NA,NA,NA
RedSea53_Sudan,OK216411,RedSea53,2021,Sudan,NA,Invasive,NA,NA,Red Sea,NA,NA,NA,NA,NA
RedSea54_Sudan,OK216410,RedSea54,2021,Sudan,NA,Invasive,NA,NA,Red Sea,NA,NA,NA,NA,NA
RedSea55_Sudan,OK216409,RedSea55,2021,Sudan,NA,Invasive,NA,NA,Red Sea,NA,NA,NA,NA,NA
RedSea56_Sudan,OK216408,RedSea56,2021,Sudan,NA,Invasive,NA,NA,Red Sea,NA,NA,NA,NA,NA
RedSea57_Sudan,OK216407,RedSea57,2021,Sudan,NA,Invasive,NA,NA,Red Sea,NA,NA,NA,NA,NA
RedSea58_Sudan,OK216406,RedSea58,2021,Sudan,NA,Invasive,NA,NA,Red Sea,NA,NA,NA,NA,NA
RedSea59_Sudan,OK216405,RedSea59,2021,Sudan,NA,Invasive,NA,NA,Red Sea,NA,NA,NA,NA,NA
RedSea6_Sudan,OK216404,RedSea6,2021,Sudan,NA,Invasive,NA,NA,Red Sea,NA,NA,NA,NA,NA
RedSea60_Sudan,OK216403,RedSea60,2021,Sudan,NA,Invasive,NA,NA,Red Sea,NA,NA,NA,NA,NA
RedSea61_Sudan,OK216402,RedSea61,2021,Sudan,NA,Invasive,NA,NA,Red Sea,NA,NA,NA,NA,NA
RedSea62_Sudan,OK216401,RedSea62,2021,Sudan,NA,Invasive,NA,NA,Red Sea,NA,NA,NA,NA,NA
RedSea63_Sudan,OK216400,RedSea63,2021,Sudan,NA,Invasive,NA,NA,Red Sea,NA,NA,NA,NA,NA
RedSea64_Sudan,OK216399,RedSea64,2021,Sudan,NA,Invasive,NA,NA,Red Sea,NA,NA,NA,NA,NA
RedSea65_Sudan,OK216398,RedSea65,2021,Sudan,NA,Invasive,NA,NA,Red Sea,NA,NA,NA,NA,NA
RedSea66_Sudan,OK216397,RedSea66,2021,Sudan,NA,Invasive,NA,NA,Red Sea,NA,NA,NA,NA,NA
RedSea67_Sudan,OK216396,RedSea67,2021,Sudan,NA,Invasive,NA,NA,Red Sea,NA,NA,NA,NA,NA
RedSea68_Sudan,OK216395,RedSea68,2021,Sudan,NA,Invasive,NA,NA,Red Sea,NA,NA,NA,NA,NA
RedSea69_Sudan,OK216394,RedSea69,2021,Sudan,NA,Invasive,NA,NA,Red Sea,NA,NA,NA,NA,NA
RedSea7_Sudan,OK216393,RedSea7,2021,Sudan,NA,Invasive,NA,NA,Red Sea,NA,NA,NA,NA,NA
RedSea70_Sudan,OK216392,RedSea70,2021,Sudan,NA,Invasive,NA,NA,Red Sea,NA,NA,NA,NA,NA
RedSea71_Sudan,OK216391,RedSea71,2021,Sudan,NA,Invasive,NA,NA,Red Sea,NA,NA,NA,NA,NA
RedSea72_Sudan,OK216390,RedSea72,2021,Sudan,NA,Invasive,NA,NA,Red Sea,NA,NA,NA,NA,NA
RedSea73_Sudan,OK216389,RedSea73,2021,Sudan,NA,Invasive,NA,NA,Red Sea,NA,NA,NA,NA,NA
RedSea74_Sudan,OK216388,RedSea74,2021,Sudan,NA,Invasive,NA,NA,Red Sea,NA,NA,NA,NA,NA
RedSea75_Sudan,OK216387,RedSea75,2021,Sudan,NA,Invasive,NA,NA,Red Sea,NA,NA,NA,NA,NA
RedSea76_Sudan,OK216386,RedSea76,2021,Sudan,NA,Invasive,NA,NA,Red Sea,NA,NA,NA,NA,NA
RedSea77_Sudan,OK216385,RedSea77,2021,Sudan,NA,Invasive,NA,NA,Red Sea,NA,NA,NA,NA,NA
RedSea78_Sudan,OK216384,RedSea78,2021,Sudan,NA,Invasive,NA,NA,Red Sea,NA,NA,NA,NA,NA
RedSea79_Sudan,OK216383,RedSea79,2021,Sudan,NA,Invasive,NA,NA,Red Sea,NA,NA,NA,NA,NA
RedSea8_Sudan,OK216382,RedSea8,2021,Sudan,NA,Invasive,NA,NA,Red Sea,NA,NA,NA,NA,NA
RedSea80_Sudan,OK216381,RedSea80,2021,Sudan,NA,Invasive,NA,NA,Red Sea,NA,NA,NA,NA,NA
RedSea81_Sudan,OK216380,RedSea81,2021,Sudan,NA,Invasive,NA,NA,Red Sea,NA,NA,NA,NA,NA
RedSea82_Sudan,OK216379,RedSea82,2021,Sudan,NA,Invasive,NA,NA,Red Sea,NA,NA,NA,NA,NA
RedSea83_Sudan,OK216378,RedSea83,2021,Sudan,NA,Invasive,NA,NA,Red Sea,NA,NA,NA,NA,NA
RedSea84_Sudan,OK216377,RedSea84,2021,Sudan,NA,Invasive,NA,NA,Red Sea,NA,NA,NA,NA,NA
RedSea85_Sudan,OK216376,RedSea85,2021,Sudan,NA,Invasive,NA,NA,Red Sea,NA,NA,NA,NA,NA
RedSea86_Sudan,OK216375,RedSea86,2021,Sudan,NA,Invasive,NA,NA,Red Sea,NA,NA,NA,NA,NA
RedSea87_Sudan,OK216374,RedSea87,2021,Sudan,NA,Invasive,NA,NA,Red Sea,NA,NA,NA,NA,NA
RedSea88_Sudan,OK216373,RedSea88,2021,Sudan,NA,Invasive,NA,NA,Red Sea,NA,NA,NA,NA,NA
RedSea89_Sudan,OK216372,RedSea89,2021,Sudan,NA,Invasive,NA,NA,Red Sea,NA,NA,NA,NA,NA
RedSea9_Sudan,OK216371,RedSea9,2021,Sudan,NA,Invasive,NA,NA,Red Sea,NA,NA,NA,NA,NA
RedSea90_Sudan,OK216370,RedSea90,2021,Sudan,NA,Invasive,NA,NA,Red Sea,NA,NA,NA,NA,NA
RedSea91_Sudan,OK216369,RedSea91,2021,Sudan,NA,Invasive,NA,NA,Red Sea,NA,NA,NA,NA,NA
RedSea92_Sudan,OK216368,RedSea92,2021,Sudan,NA,Invasive,NA,NA,Red Sea,NA,NA,NA,NA,NA
RedSea93_Sudan,OK216367,RedSea93,2021,Sudan,NA,Invasive,NA,NA,Red Sea,NA,NA,NA,NA,NA
RedSea94_Sudan,OK216366,RedSea94,2021,Sudan,NA,Invasive,NA,NA,Red Sea,NA,NA,NA,NA,NA
RedSea95_Sudan,OK216365,RedSea95,2021,Sudan,NA,Invasive,NA,NA,Red Sea,NA,NA,NA,NA,NA
RedSea96_Sudan,OK216364,RedSea96,2021,Sudan,NA,Invasive,NA,NA,Red Sea,NA,NA,NA,NA,NA
RedSea97_Sudan,OK216363,RedSea97,2021,Sudan,NA,Invasive,NA,NA,Red Sea,NA,NA,NA,NA,NA
RedSea98_Sudan,OK216362,RedSea98,2021,Sudan,NA,Invasive,NA,NA,Red Sea,NA,NA,NA,NA,NA
RedSea99_Sudan,OK216361,RedSea99,2021,Sudan,NA,Invasive,NA,NA,Red Sea,NA,NA,NA,NA,NA
RiverNile1_Sudan,OK216344,RiverNile1,2021,Sudan,NA,Invasive,NA,NA,River Nile,NA,NA,NA,NA,NA
RiverNile10_Sudan,OK216353,RiverNile10,2021,Sudan,NA,Invasive,NA,NA,River Nile,NA,NA,NA,NA,NA
RiverNile11_Sudan,OK216354,RiverNile11,2021,Sudan,NA,Invasive,NA,NA,River Nile,NA,NA,NA,NA,NA
RiverNile2_Sudan,OK216345,RiverNile2,2021,Sudan,NA,Invasive,NA,NA,River Nile,NA,NA,NA,NA,NA
RiverNile3_Sudan,OK216346,RiverNile3,2021,Sudan,NA,Invasive,NA,NA,River Nile,NA,NA,NA,NA,NA
RiverNile4_Sudan,OK216347,RiverNile4,2021,Sudan,NA,Invasive,NA,NA,River Nile,NA,NA,NA,NA,NA
RiverNile5_Sudan,OK216348,RiverNile5,2021,Sudan,NA,Invasive,NA,NA,River Nile,NA,NA,NA,NA,NA
RiverNile6_Sudan,OK216349,RiverNile6,2021,Sudan,NA,Invasive,NA,NA,River Nile,NA,NA,NA,NA,NA
RiverNile7_Sudan,OK216350,RiverNile7,2021,Sudan,NA,Invasive,NA,NA,River Nile,NA,NA,NA,NA,NA
RiverNile8_Sudan,OK216351,RiverNile8,2021,Sudan,NA,Invasive,NA,NA,River Nile,NA,NA,NA,NA,NA
RiverNile9_Sudan,OK216352,RiverNile9,2021,Sudan,NA,Invasive,NA,NA,River Nile,NA,NA,NA,NA,NA
C1aSud001_Sudan,ERR13695759,C1aSud001,2022,Sudan,Major,Invasive ,13.1008,32.40008,White Nile,Hai El Shati,Hap2,Rural,NA,Adult
C1aSud002_Sudan,ERR13695760,C1aSud002,2022,Sudan,Major,Invasive ,14.4850604,33.6572116,Gezira,Al Hideiba,Hap2,Rural,NA,Adult
C1aSud004_Sudan,ERR13695761,C1aSud004,2022,Sudan,Major,Invasive ,14.6686857,33.0836311,Gezira,Tabat,Hap2,Rural,NA,Adult
C1aSud007_Sudan,ERR13695763,C1aSud007,2022,Sudan,Major,Invasive ,17.4308,33.85513,River Nile,El Zedab,Hap2,Rural,NA,Adult
C1aSud008_Sudan,ERR13695764,C1aSud008,2022,Sudan,Major,Invasive ,17.4308,33.85513,River Nile,El Zedab,Hap1,Rural,NA,Adult
C1aSud009_Sudan,ERR13695765,C1aSud009,2022,Sudan,Major,Invasive,13.012012,31.867825,Wafara,White Nile,Hap2,Urban,NA,Adult
C1aSud011_Sudan,ERR13695766,C1aSud011,2022,Sudan,Major,Invasive ,13.012012,31.867825,White Nile,Wafara,Hap2,Urban,NA,Adult
C1aSud012_Sudan,ERR13695767,C1aSud012,2022,Sudan,Major,Invasive ,13.012012,31.867825,White Nile,Wafara,Hap2,Urban,NA,Adult
C1aSud015_Sudan,ERR13695768,C1aSud015,2022,Sudan,Major,Invasive ,13.012012,31.867825,White Nile,Wafara,Hap2,Urban,NA,Adult
C1aSud018_Sudan,ERR13695769,C1aSud018,2022,Sudan,Major,Invasive ,13.012012,31.867825,White Nile,Wafara,Hap2,Urban,NA,Adult
C1aSud020_Sudan,ERR13695770,C1aSud020,2022,Sudan,Major,Invasive ,13.012012,31.867825,White Nile,Wafara,Hap2,Urban,NA,Adult
C1aSud022_Sudan,ERR13695771,C1aSud022,2022,Sudan,Major,Invasive ,13.012012,31.867825,White Nile,Wafara,Hap2,Urban,NA,Adult
C1aSud023_Sudan,ERR13695772,C1aSud023,2022,Sudan,Major,Invasive ,13.012012,31.867825,White Nile,Wafara,Hap2,Urban,NA,Adult
C1aSud024_Sudan,ERR13695773,C1aSud024,2022,Sudan,Major,Invasive ,13.012012,31.867825,White Nile,Wafara,Hap1,Urban,NA,Adult
C1aSud025_Sudan,ERR13695774,C1aSud025,2022,Sudan,Major,Invasive ,13.012012,31.867825,White Nile,Wafara,Hap1,Urban,NA,Adult
C1aSud027_Sudan,ERR13695775,C1aSud027,2022,Sudan,Major,Invasive ,13.012012,31.867825,White Nile,Wafara,Hap2,Urban,NA,Adult
C1aSud028_Sudan,ERR13695776,C1aSud028,2022,Sudan,Major,Invasive ,13.012012,31.867825,White Nile,Wafara,Hap1,Urban,NA,Adult
C1aSud029_Sudan,ERR13695777,C1aSud029,2022,Sudan,Major,Invasive ,16.6328282,33.2554837,River Nile,South Shandi,Hap1,Rural,NA,Adult
C1aSud030_Sudan,ERR13695778,C1aSud030,2022,Sudan,Major,Invasive ,16.6328282,33.2554837,River Nile,South Shandi,Hap2,Rural,NA,Adult
C1aSud031_Sudan,ERR13695779,C1aSud031,2022,Sudan,Major,Invasive ,16.6328282,33.2554837,River Nile,South Shandi,Hap1,Rural,NA,Adult
C1aSud032_Sudan,ERR13695780,C1aSud032,2022,Sudan,Major,Invasive ,16.6328282,33.2554837,River Nile,South Shandi,Hap2,Rural,NA,Adult
C1aSud033_Sudan,ERR13695781,C1aSud033,2022,Sudan,Major,Invasive ,16.6328282,33.2554837,River Nile,South Shandi,Hap1,Rural,NA,Adult
C1aSud035_Sudan,ERR13695782,C1aSud035,2022,Sudan,Major,Invasive ,19.1882189,30.4786908,Northern,Agaja,Hap2,Rural,NA,Adult
C1aSud036_Sudan,ERR13695783,C1aSud036,2022,Sudan,Major,Invasive ,19.1882189,30.4786908,Northern,Agaja,Hap1,Rural,NA,Adult
C1aSud037_Sudan,ERR13695784,C1aSud037,2022,Sudan,Major,Invasive ,19.1882189,30.4786908,Northern,Agaja,Hap2,Rural,NA,Adult
C1aSud038_Sudan,ERR13695785,C1aSud038,2022,Sudan,Major,Invasive ,19.1882189,30.4786908,Northern,Agaja,Hap2,Rural,NA,Adult
C1aSud039_Sudan,ERR13695786,C1aSud039,2022,Sudan,Major,Invasive ,19.1882189,30.4786908,Northern,Agaja,Hap2,Rural,NA,Adult
C1aSud040_Sudan,ERR13695787,C1aSud040,2022,Sudan,Major,Invasive ,19.1882189,30.4786908,Northern,Agaja,Hap2,Rural,NA,Adult
C1aSud041_Sudan,ERR13695788,C1aSud041,2022,Sudan,Major,Invasive ,13.5194564,33.6245931,Sennar,Al Galaa,Hap1,Urban,NA,Adult
C1aSud042_Sudan,ERR13695789,C1aSud042,2022,Sudan,Major,Invasive ,13.5194564,33.6245931,Sennar,Al Galaa,Hap2,Urban,NA,Adult
C1aSud043_Sudan,ERR13695790,C1aSud043,2022,Sudan,Major,Invasive ,13.5194564,33.6245931,Sennar,Al Galaa,Hap2,Urban,NA,Adult
C1aSud044_Sudan,ERR13695791,C1aSud044,2022,Sudan,Major,Invasive ,13.5194564,33.6245931,Sennar,Al Galaa,Hap2,Urban,NA,Adult
C1aSud045_Sudan,ERR13695792,C1aSud045,2022,Sudan,Major,Invasive ,13.5194564,33.6245931,Sennar,Al Galaa,Hap1,Urban,NA,Adult
C1aSud046_Sudan,ERR13666982,C1aSud046,2022,Sudan,Major,Invasive,13.5194564,33.6245931,Sennar,Al Galaa,Hap2,Urban,NA,Adult
C1aSud047_Sudan,ERR13695793,C1aSud047,2022,Sudan,Major,Invasive ,13.5194564,33.6245931,Sennar,Al Galaa,Hap2,Urban,NA,Adult
C1aSud049_Sudan,ERR13695795,C1aSud049,2022,Sudan,Major,Invasive ,13.5194564,33.6245931,Sennar,Al Galaa,Hap2,Urban,NA,Adult
C1aSud050_Sudan,ERR13695796,C1aSud050,2022,Sudan,Major,Invasive ,13.5194564,33.6245931,Sennar,Al Galaa,Hap1,Urban,NA,Adult
C1aSud051_Sudan,ERR13695797,C1aSud051,2022,Sudan,Major,Invasive ,13.5194564,33.6245931,Sennar,Al Galaa,Hap2,Urban,NA,Adult
C1aSud052_Sudan,ERR13695798,C1aSud052,2022,Sudan,Major,Invasive ,13.5194564,33.6245931,Sennar,Al Galaa,Hap2,Urban,NA,Adult
C1aSud053_Sudan,ERR13695799,C1aSud053,2022,Sudan,Major,Invasive ,13.5194564,33.6245931,Sennar,Al Galaa,Hap2,Urban,NA,Adult
C1aSud054_Sudan,ERR13695800,C1aSud054,2022,Sudan,Major,Invasive ,13.5194564,33.6245931,Sennar,Al Galaa,Hap2,Urban,NA,Adult
C1aSud055_Sudan,ERR13695801,C1aSud055,2022,Sudan,Major,Invasive ,13.5194564,33.6245931,Sennar,Al Galaa,Hap2,Urban,NA,Adult
C1aSud058_Sudan,ERR13695803,C1aSud058,2022,Sudan,Major,Invasive ,13.5194564,33.6245931,Sennar,Al Galaa,Hap2,Urban,NA,Adult
C1aSud059_Sudan,ERR13695804,C1aSud059,2022,Sudan,Major,Invasive ,13.5194564,33.6245931,Sennar,Al Galaa,Hap1,Urban,NA,Adult
C1aSud060_Sudan,ERR13695805,C1aSud060,2022,Sudan,Major,Invasive ,13.5194564,33.6245931,Sennar,Al Galaa,Hap2,Urban,NA,Adult
C1aSud061_Sudan,ERR13695806,C1aSud061,2022,Sudan,Major,Invasive ,13.5194564,33.6245931,Sennar,Al Galaa,Hap2,Urban,NA,Adult
C1aSud063_Sudan,ERR13695807,C1aSud063,2022,Sudan,Major,Invasive ,15.3700786,36.3766632,Kassala,Al Shukria,Hap2,Urban,NA,Adult
C1aSud065_Sudan,ERR13695809,C1aSud065,2022,Sudan,Major,Invasive ,15.3700786,36.3766632,Kassala,Al Shukria,Hap1,Urban,NA,Adult
C1aSud066_Sudan,ERR13695810,C1aSud066,2022,Sudan,Major,Invasive ,15.3700786,36.3766632,Kassala,Al Shukria,Hap2,Urban,NA,Adult
C1aSud067_Sudan,ERR13695811,C1aSud067,2022,Sudan,Major,Invasive ,15.3700786,36.3766632,Kassala,Al Shukria,Hap2,Urban,NA,Adult
C1aSud068_Sudan,ERR13695812,C1aSud068,2022,Sudan,Major,Invasive ,15.3700786,36.3766632,Kassala,Al Shukria,Hap2,Urban,NA,Adult
C1aSud069_Sudan,ERR13695813,C1aSud069,2022,Sudan,Major,Invasive ,15.3700786,36.3766632,Kassala,Al Shukria,Hap2,Urban,NA,Adult
C1aSud070_Sudan,ERR13695814,C1aSud070,2022,Sudan,Major,Invasive ,15.3700786,36.3766632,Kassala,Al Shukria,Hap1,Urban,NA,Adult
C1aSud071_Sudan,ERR13695815,C1aSud071,2022,Sudan,Major,Invasive ,15.3700786,36.3766632,Kassala,Al Shukria,Hap1,Urban,NA,Adult
C1aSud072_Sudan,ERR13696816,C1aSud072,2022,Sudan,Major,Invasive ,15.0135466,33.0864865,Gezira,El Meaileg,Hap1,Urban,NA,Adult
C1aSud073_Sudan,ERR13695817,C1aSud073,2022,Sudan,Major,Invasive ,15.0135466,33.0864865,Gezira,El Meaileg,Hap2,Urban,NA,Adult
C1aSud074_Sudan,ERR13695818,C1aSud074,2022,Sudan,Major,Invasive ,15.0135466,33.0864865,Gezira,El Meaileg,Hap2,Urban,NA,Adult
C1aSud075_Sudan,ERR13695819,C1aSud075,2022,Sudan,Major,Invasive ,15.0135466,33.0864865,Gezira,El Meaileg,Hap2,Urban,NA,Adult
C1aSud076_Sudan,ERR13695820,C1aSud076,2022,Sudan,Major,Invasive ,15.0135466,33.0864865,Gezira,El Meaileg,Hap1,Urban,NA,Adult
C1aSud077_Sudan,ERR13695821,C1aSud077,2022,Sudan,Major,Invasive ,19.1882189,30.4786908,Northern,Agaja,Hap2,Rural,NA,Adult
C1aSud078_Sudan,ERR13695822,C1aSud078,2022,Sudan,Major,Invasive ,17.4308,33.85513,River Nile,El Zedab,Hap2,Rural,NA,Adult
C1aSud080_Sudan,ERR13695823,C1aSud080,2022,Sudan,Major,Invasive ,15.88349,32.52324,Khartoum,Gezira Eslang,Hap2,Urban,NA,Adult
C1aSud081_Sudan,ERR13695824,C1aSud081,2022,Sudan,Major,Invasive ,15.88349,32.52324,Khartoum,Gezira Eslang,Hap2,Urban,NA,Adult
C1aSud082_Sudan,ERR13695825,C1aSud082,2022,Sudan,Major,Invasive ,15.88349,32.52324,Khartoum,Gezira Eslang,Hap2,Urban,NA,Adult
C1aSud083_Sudan,ERR13666983,C1aSud083,2022,Sudan,Major,Invasive ,15.3840372,32.4500117,Khartoum,El Salamania,Hap1,Urban,NA,Adult
C1aSud087_Sudan,ERR13695827,C1aSud087,2022,Sudan,Major,Invasive ,15.5373164,32.6010626,Khartoum,Arkaweet,Hap2,Urban,NA,Adult
C1aSud088_Sudan,ERR13695828,C1aSud088,2022,Sudan,Major,Invasive ,15.5373164,32.6010626,Khartoum,Arkaweet,Hap2,Urban,NA,Adult
C1aSud089_Sudan,ERR13695829,C1aSud089,2022,Sudan,Major,Invasive ,15.5373164,32.6010626,Khartoum,Arkaweet,Hap1,Urban,NA,Adult
C1aSud090_Sudan,ERR13695830,C1aSud090,2022,Sudan,Major,Invasive ,15.5373164,32.6010626,Khartoum,Arkaweet,Hap2,Urban,NA,Adult
C1aSud092_Sudan,ERR13666984,C1aSud092,2022,Sudan,Major,Invasive ,15.5373164,32.6010626,Khartoum,Arkaweet,Hap1,Urban,NA,Adult
C1aSud093_Sudan,ERR13695831,C1aSud093,2022,Sudan,Major,Invasive ,15.5373164,32.6010626,Khartoum,Arkaweet,Hap1,Urban,NA,Adult
C1aSud094_Sudan,ERR13695832,C1aSud094,2022,Sudan,Major,Invasive ,15.88349,32.52324,Khartoum,Gezira Eslang,Hap2,Urban,NA,Adult
C1aSud095_Sudan,ERR13695833,C1aSud095,2022,Sudan,Major,Invasive ,15.88349,32.52324,Khartoum,Gezira Eslang,Hap1,Urban,NA,Adult
C1aSud096_Sudan,ERR13695834,C1aSud096,2022,Sudan,Major,Invasive ,15.88349,32.52324,Khartoum,Gezira Eslang,Hap1,Urban,NA,Adult
C1aSud097_Sudan,ERR13695835,C1aSud097,2022,Sudan,Major,Invasive ,15.88349,32.52324,Khartoum,Gezira Eslang,Hap1,Urban,NA,Adult
C1aSud098_Sudan,ERR13666985,C1aSud098,2022,Sudan,Major,Invasive ,18.3349676,36.3892839,Red Sea,Haiya,Hap2,Urban,NA,Adult
C1aSud099_Sudan,ERR13666986,C1aSud099,2022,Sudan,Major,Invasive ,18.3349676,36.3892839,Red Sea,Haiya,Hap2,Urban,NA,Adult
C1aSud100_Sudan,ERR13666987,C1aSud100,2022,Sudan,Major,Invasive ,18.3349676,36.3892839,Red Sea,Haiya,Hap2,Urban,NA,Adult
C1aSud101_Sudan,ERR13695836,C1aSud101,2022,Sudan,Major,Invasive ,18.3349676,36.3892839,Red Sea,Haiya,Hap2,Urban,NA,Adult
C1aSud102_Sudan,ERR13666988,C1aSud102,2022,Sudan,Major,Invasive ,18.3349676,36.3892839,Red Sea,Haiya,Hap2,Urban,NA,Adult
C1aSud105_Sudan,ERR13666989,C1aSud105,2022,Sudan,Major,Invasive ,18.3349676,36.3892839,Red Sea,Haiya,Hap2,Urban,NA,Adult
C1aSud106_Sudan,ERR13666990,C1aSud106,2022,Sudan,Major,Invasive ,18.3349676,36.3892839,Red Sea,Haiya,Hap2,Urban,NA,Adult
C1aSud108_Sudan,ERR13666991,C1aSud108,2022,Sudan,Major,Invasive ,18.3349676,36.3892839,Red Sea,Haiya,Hap2,Urban,NA,Adult
C1aSud110_Sudan,ERR13666992,C1aSud110,2022,Sudan,Major,Invasive ,18.3349676,36.3892839,Red Sea,Haiya,Hap2,Urban,NA,Adult
C1aSud112_Sudan,ERR13666993,C1aSud112,2022,Sudan,Major,Invasive ,18.3349676,36.3892839,Red Sea,Haiya,Hap2,Urban,NA,Adult
C1aSud113_Sudan,ERR13695839,C1aSud113,2022,Sudan,Major,Invasive ,18.3349676,36.3892839,Red Sea,Haiya,Hap2,Urban,NA,Adult
C1aSud116_Sudan,ERR13666994,C1aSud116,2022,Sudan,Major,Invasive ,18.3349676,36.3892839,Red Sea,Haiya,Hap2,Urban,NA,Adult
C1aSud117_Sudan,ERR13666995,C1aSud117,2022,Sudan,Major,Invasive ,18.3349676,36.3892839,Red Sea,Haiya,Hap2,Urban,NA,Adult
C1aSud118_Sudan,ERR13695841,C1aSud118,2022,Sudan,Major,Invasive ,18.3349676,36.3892839,Red Sea,Haiya,Hap2,Urban,NA,Adult
C1aSud119_Sudan,ERR13666996,C1aSud119,2022,Sudan,Major,Invasive ,18.3349676,36.3892839,Red Sea,Haiya,Hap2,Urban,NA,Adult
C1aSud120_Sudan,ERR13666997,C1aSud120,2022,Sudan,Major,Invasive ,18.3349676,36.3892839,Red Sea,Haiya,Hap2,Urban,NA,Adult
C1aSud121_Sudan,ERR13695842,C1aSud121,2022,Sudan,Major,Invasive ,18.3349676,36.3892839,Red Sea,Haiya,Hap2,Urban,NA,Adult
C1aSud122_Sudan,ERR13695843,C1aSud122,2022,Sudan,Major,Invasive ,18.3349676,36.3892839,Red Sea,Haiya,Hap2,Urban,NA,Adult
C1aSud123_Sudan,ERR13666998,C1aSud123,2022,Sudan,Major,Invasive ,18.3349676,36.3892839,Red Sea,Haiya,Hap2,Urban,NA,Adult
C1aSud124_Sudan,ERR13695844,C1aSud124,2022,Sudan,Major,Invasive ,18.3349676,36.3892839,Red Sea,Haiya,Hap2,Urban,NA,Adult
C1aSud125_Sudan,ERR13695845,C1aSud125,2022,Sudan,Major,Invasive ,18.3349676,36.3892839,Red Sea,Haiya,Hap2,Urban,NA,Adult
C1aSud126_Sudan,ERR13666999,C1aSud126,2022,Sudan,Major,Invasive ,18.3349676,36.3892839,Red Sea,Haiya,Hap2,Urban,NA,Adult
C1aSud127_Sudan,ERR13695846,C1aSud127,2022,Sudan,Major,Invasive ,18.3349676,36.3892839,Red Sea,Haiya,Hap2,Urban,NA,Adult
C1aSud128_Sudan,ERR13695847,C1aSud128,2022,Sudan,Major,Invasive ,18.3349676,36.3892839,Red Sea,Haiya,Hap2,Urban,NA,Adult
C1aSud130_Sudan,ERR13667000,C1aSud130,2022,Sudan,Major,Invasive ,18.3349676,36.3892839,Red Sea,Haiya,Hap2,Urban,NA,Adult
C1aSud131_Sudan,ERR13667001,C1aSud131,2022,Sudan,Major,Invasive ,18.3349676,36.3892839,Red Sea,Haiya,Hap2,Urban,NA,Adult
C1aSud132_Sudan,ERR13667002,C1aSud132,2022,Sudan,Major,Invasive ,18.3349676,36.3892839,Red Sea,Haiya,Hap2,Urban,NA,Adult
C1aSud134_Sudan,ERR13667003,C1aSud134,2022,Sudan,Major,Invasive ,18.3349676,36.3892839,Red Sea,Haiya,Hap2,Urban,NA,Adult
C1aSud137_Sudan,ERR13695848,C1aSud137,2022,Sudan,Major,Invasive ,14.039699,35.3735435,Gedarif,East Elglabat,Hap2,Urban,NA,Adult
C1aSud142_Sudan,ERR13695850,C1aSud142,2022,Sudan,Major,Invasive ,14.039699,35.3735435,Gedarif,East Elglabat,Hap2,Urban,NA,Adult
C1aSud143_Sudan,ERR13695851,C1aSud143,2022,Sudan,Major,Invasive ,14.039699,35.3735435,Gedarif,East Elglabat,Hap2,Urban,NA,Adult
C1aSud144_Sudan,ERR13695852,C1aSud144,2022,Sudan,Major,Invasive ,14.039699,35.3735435,Gedarif,East Elglabat,Hap2,Urban,NA,Adult
C1aSud146_Sudan,ERR13695854,C1aSud146,2022,Sudan,Major,Invasive ,14.039699,35.3735435,Gedarif,East Elglabat,Hap1,Urban,NA,Adult
C1aSud148_Sudan,ERR13695855,C1aSud148,2022,Sudan,Major,Invasive ,14.039699,35.3735435,Gedarif,East Elglabat,Hap1,Urban,NA,Adult
C1aSud150_Sudan,ERR13695857,C1aSud150,2022,Sudan,Major,Invasive ,14.039699,35.3735435,Gedarif,East Elglabat,Hap2,Urban,NA,Adult
C1aSud152_Sudan,ERR13667006,C1aSud152,2022,Sudan,Major,Invasive ,14.039699,35.3735435,Gedarif,East Elglabat,Hap2,Urban,NA,Adult
C1aSud153_Sudan,ERR13695858,C1aSud153,2022,Sudan,Major,Invasive ,14.039699,35.3735435,Gedarif,East Elglabat,Hap1,Urban,NA,Adult
C1aSud154_Sudan,ERR13695859,C1aSud154,2022,Sudan,Major,Invasive ,14.039699,35.3735435,Gedarif,East Elglabat,Hap1,Urban,NA,Adult
C1aSud157_Sudan,ERR13695861,C1aSud157,2022,Sudan,Major,Invasive ,14.039699,35.3735435,Gedarif,East Elglabat,Hap2,Urban,NA,Adult
C1aSud160_Sudan,ERR13695863,C1aSud160,2022,Sudan,Major,Invasive ,14.039699,35.3735435,Gedarif,East Elglabat,Hap2,Urban,NA,Adult
C1aSud162_Sudan,ERR13695864,C1aSud162,2022,Sudan,Major,Invasive ,17.4308,33.85513,River Nile,El Zedab,Hap2,Rural,NA,Adult
C1aSud163_Sudan,ERR13695865,C1aSud163,2022,Sudan,Major,Invasive ,17.4308,33.85513,River Nile,El Zedab,Hap2,Rural,NA,Adult
C1aSud164_Sudan,ERR13695866,C1aSud164,2022,Sudan,Major,Invasive ,15.5373164,32.6010626,Khartoum,Arkaweet,Hap2,Urban,NA,Adult
C1aSud165_Sudan,ERR13695867,C1aSud165,2022,Sudan,Major,Invasive ,15.5373164,32.6010626,Khartoum,Arkaweet,Hap1,Urban,NA,Adult
C1aSud166_Sudan,ERR13667007,C1aSud166,2022,Sudan,Major,Invasive ,15.5373164,32.6010626,Khartoum,Arkaweet,Hap2,Urban,NA,Adult
C1aSud167_Sudan,ERR13695868,C1aSud167,2022,Sudan,Major,Invasive ,15.5373164,32.6010626,Khartoum,Arkaweet,Hap2,Urban,NA,Adult
C1aSud168_Sudan,ERR13667008,C1aSud168,2022,Sudan,Major,Invasive ,15.5373164,32.6010626,Khartoum,Arkaweet,Hap2,Urban,NA,Adult
C1aSud171_Sudan,ERR13667009,C1aSud171,2022,Sudan,Major,Invasive ,15.5373164,32.6010626,Khartoum,Arkaweet,Hap1,Urban,NA,Adult
C1aSud174_Sudan,ERR13695870,C1aSud174,2022,Sudan,Major,Invasive ,15.5373164,32.6010626,Khartoum,Arkaweet,Hap2,Urban,NA,Adult
C1aSud175_Sudan,ERR13695871,C1aSud175,2022,Sudan,Major,Invasive ,15.5373164,32.6010626,Khartoum,Arkaweet,Hap2,Urban,NA,Adult
C1aSud176_Sudan,ERR13695872,C1aSud176,2022,Sudan,Major,Invasive ,19.1882189,30.4786908,Northern,Agaja,Hap2,Urban,NA,Adult
C1aSud177_Sudan,ERR13695873,C1aSud177,2022,Sudan,Major,Invasive ,19.1882189,30.4786908,Northern,Agaja,Hap2,Urban,NA,Adult
C1aSud178_Sudan,ERR13695874,C1aSud178,2022,Sudan,Major,Invasive ,19.1882189,30.4786908,Northern,Agaja,Hap2,Urban,NA,Adult
C1aSud179_Sudan,ERR13695875,C1aSud179,2022,Sudan,Major,Invasive ,19.1882189,30.4786908,Northern,Agaja,Hap2,Urban,NA,Adult
C1aSud181_Sudan,ERR13695876,C1aSud181,2022,Sudan,Major,Invasive ,19.1882189,30.4786908,Northern,Agaja,Hap2,Urban,NA,Adult
C1aSud199_Sudan,ERR13667012,C1aSud199,2022,Sudan,Major,Invasive ,15.3840372,32.4500117,Khartoum,El Salamania,Hap2,Urban,NA,Adult
C1aSud200_Sudan,ERR13667013,C1aSud200,2022,Sudan,Major,Invasive ,15.3840372,32.4500117,Khartoum,El Salamania,Hap1,Urban,NA,Adult
C1aSud201_Sudan,ERR13667014,C1aSud201,2022,Sudan,Major,Invasive ,15.3840372,32.4500117,Khartoum,El Salamania,Hap1,Urban,NA,Adult
C1aSud202_Sudan,ERR13695887,C1aSud202,2022,Sudan,Major,Invasive ,15.3840372,32.4500117,Khartoum,El Salamania,Hap1,Urban,NA,Adult
C1aSud203_Sudan,ERR13667015,C1aSud203,2022,Sudan,Major,Invasive ,15.3840372,32.4500117,Khartoum,El Salamania,Hap2,Urban,NA,Adult
C1aSud204_Sudan,ERR13667016,C1aSud204,2022,Sudan,Major,Invasive ,15.3840372,32.4500117,Khartoum,El Salamania,Hap2,Urban,NA,Adult
C1aSud205_Sudan,ERR13695888,C1aSud205,2022,Sudan,Major,Invasive ,15.3840372,32.4500117,Khartoum,El Salamania,Hap1,Urban,NA,Adult
C1aSud206_Sudan,ERR13695889,C1aSud206,2022,Sudan,Major,Invasive ,15.3840372,32.4500117,Khartoum,El Salamania,Hap2,Urban,NA,Adult
C1aSud207_Sudan,ERR13695890,C1aSud207,2022,Sudan,Major,Invasive ,15.3840372,32.4500117,Khartoum,El Salamania,Hap2,Urban,NA,Adult
C1aSud208_Sudan,ERR13667017,C1aSud208,2022,Sudan,Major,Invasive ,15.3840372,32.4500117,Khartoum,El Salamania,Hap2,Urban,NA,Adult
C1aSud209_Sudan,ERR13667018,C1aSud209,2022,Sudan,Major,Invasive ,15.3840372,32.4500117,Khartoum,El Salamania,Hap2,Urban,NA,Adult
C1aSud210_Sudan,ERR13667019,C1aSud210,2022,Sudan,Major,Invasive ,15.3840372,32.4500117,Khartoum,El Salamania,Hap2,Urban,NA,Adult
C1aSud211_Sudan,ERR13667020,C1aSud211,2022,Sudan,Major,Invasive ,15.3840372,32.4500117,Khartoum,El Salamania,Hap1,Urban,NA,Adult
C1aSud213_Sudan,ERR13695891,C1aSud213,2022,Sudan,Major,Invasive ,15.3840372,32.4500117,Khartoum,El Salamania,Hap1,Urban,NA,Adult
C1aSud214_Sudan,ERR13667021,C1aSud214,2022,Sudan,Major,Invasive ,15.3840372,32.4500117,Khartoum,El Salamania,Hap2,Urban,NA,Adult
C1aSud216_Sudan,ERR13667022,C1aSud216,2022,Sudan,Major,Invasive ,15.3840372,32.4500117,Khartoum,El Salamania,NA,Urban,NA,Adult
C1aSud217_Sudan,ERR13667023,C1aSud217,2022,Sudan,Major,Invasive ,15.3840372,32.4500117,Khartoum,El Salamania,Hap2,Urban,NA,Adult
C1aSud218_Sudan,ERR13667024,C1aSud218,2022,Sudan,Major,Invasive ,15.3840372,32.4500117,Khartoum,El Salamania,Hap1,Urban,NA,Adult
C1aSud220_Sudan,ERR13667025,C1aSud220,2022,Sudan,Major,Invasive ,15.3840372,32.4500117,Khartoum,El Salamania,Hap2,Urban,NA,Adult
C1aSud221_Sudan,ERR13685892,C1aSud221,2022,Sudan,Major,Invasive ,15.3840372,32.4500117,Khartoum,El Salamania,Hap2,Urban,NA,Adult
C1aSud222_Sudan,ERR13667026,C1aSud222,2022,Sudan,Major,Invasive ,15.3840372,32.4500117,Khartoum,El Salamania,Hap1,Urban,NA,Adult
C1aSud223_Sudan,ERR13667027,C1aSud223,2022,Sudan,Major,Invasive ,15.3840372,32.4500117,Khartoum,El Salamania,Hap2,Urban,NA,Adult
C1aSud224_Sudan,ERR13667028,C1aSud224,2022,Sudan,Major,Invasive ,15.3840372,32.4500117,Khartoum,El Salamania,Hap2,Urban,NA,Adult
C1aSud225_Sudan,ERR13695893,C1aSud225,2022,Sudan,Major,Invasive ,15.3840372,32.4500117,Khartoum,El Salamania,Hap1,Urban,NA,Adult
C1aSud226_Sudan,ERR13695894,C1aSud226,2022,Sudan,Major,Invasive ,15.3840372,32.4500117,Khartoum,El Salamania,Hap2,Urban,NA,Adult
C1aSud227_Sudan,ERR13695895,C1aSud227,2022,Sudan,Major,Invasive ,15.3840372,32.4500117,Khartoum,El Salamania,Hap2,Urban,NA,Adult
C1aSud228_Sudan,ERR13695896,C1aSud228,2022,Sudan,Major,Invasive ,15.3840372,32.4500117,Khartoum,El Salamania,Hap2,Urban,NA,Adult
C1aSud229_Sudan,ERR13695897,C1aSud229,2022,Sudan,Major,Invasive ,15.3840372,32.4500117,Khartoum,El Salamania,Hap1,Urban,NA,Adult
C1aSud230_Sudan,ERR13695898,C1aSud230,2022,Sudan,Major,Invasive ,15.3840372,32.4500117,Khartoum,El Salamania,Hap2,Urban,NA,Adult
C1aSud231_Sudan,ERR13667029,C1aSud231,2022,Sudan,Major,Invasive ,15.3840372,32.4500117,Khartoum,El Salamania,Hap2,Urban,NA,Adult
C1aSud232_Sudan,ERR13667030,C1aSud232,2022,Sudan,Major,Invasive ,15.3840372,32.4500117,Khartoum,El Salamania,Hap1,Urban,NA,Adult
Plate1_A2_Sudan,ERR13667044,Plate1_A2,2022,Sudan,Major,Invasive ,13.012012,31.867825,White Nile,Wafara,Hap2,Urban,NA,Adult
Plate1_A4_Sudan,ERR13667045,Plate1_A4,2022,Sudan,Major,Invasive ,13.012012,31.867825,White Nile,Wafara,Hap2,Urban,NA,Adult
Plate1_B3_Sudan,ERR13667046,Plate1_B3,2022,Sudan,Major,Invasive ,13.012012,31.867825,White Nile,Wafara,Hap1,Urban,NA,Adult
Plate1_D2_Sudan,ERR13667047,Plate1_D2,2022,Sudan,Major,Invasive ,13.012012,31.867825,White Nile,Wafara,Hap2,Urban,NA,Adult
Plate1_D3_Sudan,ERR13667048,Plate1_D3,2022,Sudan,Major,Invasive ,13.012012,31.867825,White Nile,Wafara,Hap1,Urban,NA,Adult
Plate1_E12_Sudan,ERR13667049,Plate1_E12,2022,Sudan,Major,Invasive ,18.3349676,36.3892839,Red Sea,Haiya,Hap2,Urban,NA,Adult
Plate1_E2_Sudan,ERR13667051,Plate1_E2,2022,Sudan,Major,Invasive ,13.012012,31.867825,White Nile,Wafara,Hap2,Urban,NA,Adult
Plate1_G2_Sudan,ERR13667052,Plate1_G2,2022,Sudan,Major,Invasive ,13.012012,31.867825,White Nile,Wafara,Hap2,Urban,NA,Adult
Plate1_H10_Sudan,ERR13667053,Plate1_H10,2022,Sudan,Major,Invasive ,15.3840372,32.4500117,Khartoum,El Salamania,Hap1,Urban,NA,Adult
Plate1_H12_Sudan,ERR13667054,Plate1_H12,2022,Sudan,Major,Invasive ,18.3349676,36.3892839,Red Sea,Haiya,Hap2,Urban,NA,Adult
Plate1_H2_Sudan,ERR13667055,Plate1_H2,2022,Sudan,Major,Invasive ,13.012012,31.867825,White Nile,Wafara,Hap2,Urban,NA,Adult
Plate2_A10_Sudan,ERR13667056,Plate2_A10,2022,Sudan,Major,Invasive ,15.3840372,32.4500117,Khartoum,El Salamania,Hap2,Urban,NA,Adult
Plate2_A3_Sudan,ERR13667057,Plate2_A3,2022,Sudan,Major,Invasive ,14.039699,35.3735435,Gedarif,East Elglabat,Hap1,Urban,NA,Adult
Plate2_A6_Sudan,ERR13667058,Plate2_A6,2022,Sudan,Major,Invasive ,15.5373164,32.6010626,Khartoum,Arkaweet,Hap2,Urban,NA,Adult
Plate2_B1_Sudan,ERR13667060,Plate2_B1,2022,Sudan,Major,Invasive ,18.3349676,36.3892839,Red Sea,Haiya,Hap2,Urban,NA,Adult
Plate2_B4_Sudan,ERR13667062,Plate2_B4,2022,Sudan,Major,Invasive ,14.039699,35.3735435,Gedarif,East Elglabat,Hap1,Urban,NA,Adult
Plate2_B5_Sudan,ERR13667063,Plate2_B5,2022,Sudan,Major,Invasive ,14.039699,35.3735435,Gedarif,East Elglabat,Hap2,Urban,NA,Adult
Plate2_B6_Sudan,ERR13667064,Plate2_B6,2022,Sudan,Major,Invasive ,15.5373164,32.6010626,Khartoum,Arkaweet,Hap2,Urban,NA,Adult
Plate2_C2_Sudan,ERR13667066,Plate2_C2,2022,Sudan,Major,Invasive ,18.3349676,36.3892839,Red Sea,Haiya,Hap2,Urban,NA,Adult
Plate2_D2_Sudan,ERR13667067,Plate2_D2,2022,Sudan,Major,Invasive ,18.3349676,36.3892839,Red Sea,Haiya,Hap2,Urban,NA,Adult
Plate2_E2_Sudan,ERR13667070,Plate2_E2,2022,Sudan,Major,Invasive ,18.3349676,36.3892839,Red Sea,Haiya,Hap2,Urban,NA,Adult
Plate2_F2_Sudan,ERR13667073,Plate2_F2,2022,Sudan,Major,Invasive ,18.3349676,36.3892839,Red Sea,Haiya,Hap2,Urban,NA,Adult
Plate2_G4_Sudan,ERR13667076,Plate2_G4,2022,Sudan,Major,Invasive ,14.039699,35.3735435,Gedarif,East Elglabat,Hap1,Urban,NA,Adult
Plate2_H5_Sudan,ERR13667077,Plate2_H5,2022,Sudan,Major,Invasive ,15.5373164,32.6010626,Khartoum,Arkaweet,Hap2,Urban,NA,Adult
Plate2_H9_Sudan,ERR13667078,Plate2_H9,2022,Sudan,Major,Invasive ,15.3840372,32.4500117,Khartoum,El Salamania,Hap2,Urban,NA,Adult
C1aSud182_Sudan,ERR13695877,C1aSud182,2023,Sudan,Major,Invasive ,19.6387626,37.1906463,Red Sea,Port of Sudan,Hap2,Urban,NA,Adult
C1aSud184_Sudan,ERR13695878,C1aSud184,2023,Sudan,Major,Invasive ,19.6387626,37.1906463,Red Sea,Port of Sudan,Hap2,Urban,NA,Adult
C1aSud185_Sudan,ERR13695879,C1aSud185,2023,Sudan,Major,Invasive ,19.6387626,37.1906463,Red Sea,Port of Sudan,Hap2,Urban,NA,Adult
C1aSud186_Sudan,ERR13667010,C1aSud186,2023,Sudan,Major,Invasive ,19.6387626,37.1906463,Red Sea,Port of Sudan,Hap2,Urban,NA,Adult
C1aSud187_Sudan,ERR13695880,C1aSud187,2023,Sudan,Major,Invasive ,19.6387626,37.1906463,Red Sea,Port of Sudan,Hap2,Urban,NA,Adult
C1aSud188_Sudan,ERR13695881,C1aSud188,2023,Sudan,Major,Invasive ,19.6387626,37.1906463,Red Sea,Port of Sudan,Hap1,Urban,NA,Adult
C1aSud190_Sudan,ERR13695882,C1aSud190,2023,Sudan,Major,Invasive ,19.6387626,37.1906463,Red Sea,Port of Sudan,Hap2,Urban,NA,Adult
C1aSud191_Sudan,ERR13667011,C1aSud191,2023,Sudan,Major,Invasive ,19.6387626,37.1906463,Red Sea,Port of Sudan,Hap2,Urban,NA,Adult
C1aSud193_Sudan,ERR13695883,C1aSud193,2023,Sudan,Major,Invasive ,19.6387626,37.1906463,Red Sea,Port of Sudan,Hap2,Urban,NA,Adult
C1aSud195_Sudan,ERR13695884,C1aSud195,2023,Sudan,Major,Invasive ,19.6387626,37.1906463,Red Sea,Port of Sudan,Hap2,Urban,NA,Adult
C1aSud196_Sudan,ERR13695885,C1aSud196,2023,Sudan,Major,Invasive ,19.6387626,37.1906463,Red Sea,Port of Sudan,Hap2,Urban,NA,Adult
C1aSud198_Sudan,ERR13695886,C1aSud198,2023,Sudan,Major,Invasive ,19.6387626,37.1906463,Red Sea,Port of Sudan,Hap2,Urban,NA,Adult
MuzSud234_Sudan,ERR13695899,MuzSud234,2023,Sudan,Major,Invasive ,19.6387626,37.1906463,Red Sea,Port of Sudan,Hap2,Ubran,NA,Adult
MuzSud236_Sudan,ERR13695900,MuzSud236,2023,Sudan,Major,Invasive ,19.6387626,37.1906463,Red Sea,Port of Sudan,Hap2,Ubran,NA,Adult
MuzSud237_Sudan,ERR13695901,MuzSud237,2023,Sudan,Major,Invasive ,19.6387626,37.1906463,Red Sea,Port of Sudan,Hap2,Ubran,NA,Adult
MuzSud238_Sudan,ERR13667039,MuzSud238,2023,Sudan,Major,Invasive ,19.6387626,37.1906463,Red Sea,Port of Sudan,Hap2,Urban,NA,Adult
MuzSud239_Sudan,ERR13667040,MuzSud239,2023,Sudan,Major,Invasive ,19.6387626,37.1906463,Red Sea,Port of Sudan,Hap2,Urban,NA,Adult
MuzSud240_Sudan,ERR13695902,MuzSud240,2023,Sudan,Major,Invasive ,19.6387626,37.1906463,Red Sea,Port of Sudan,Hap2,Ubran,NA,Adult
MuzSud241_Sudan,ERR13695903,MuzSud241,2023,Sudan,Major,Invasive ,19.6387626,37.1906463,Red Sea,Port of Sudan,Hap2,Ubran,NA,Adult
MuzSud244_Sudan,ERR13667041,MuzSud244,2023,Sudan,Major,Invasive ,19.6387626,37.1906463,Red Sea,Port of Sudan,Hap2,Urban,NA,Adult
MuzSud245_Sudan,ERR13667042,MuzSud245,2023,Sudan,Major,Invasive ,19.6387626,37.1906463,Red Sea,Port of Sudan,Hap2,Urban,NA,Adult
MuzSud246_Sudan,ERR13667043,MuzSud246,2023,Sudan,Major,Invasive ,19.6387626,37.1906463,Red Sea,Port of Sudan,Hap2,Urban,NA,Adult
MuzSud247_Sudan,ERR13695905,MuzSud247,2023,Sudan,Major,Invasive ,19.6387626,37.1906463,Red Sea,Port of Sudan,Hap2,Ubran,NA,Adult
MuzSud248_Sudan,ERR13695906,MuzSud248,2023,Sudan,Major,Invasive ,19.6387626,37.1906463,Red Sea,Port of Sudan,Hap1,Ubran,NA,Adult
MuzSud249_Sudan,ERR13695907,MuzSud249,2023,Sudan,Major,Invasive ,19.6387626,37.1906463,Red Sea,Port of Sudan,Hap1,Ubran,NA,Adult
MuzSud250_Sudan,ERR13695908,MuzSud250,2023,Sudan,Major,Invasive ,19.6387626,37.1906463,Red Sea,Port of Sudan,Hap2,Ubran,NA,Adult
Plate2_A9_Sudan,ERR13667059,Plate2_A9,2023,Sudan,Major,Invasive ,19.6387626,37.1906463,Red Sea,Port of Sudan,Hap1,Urban,NA,Adult
Plate2_B11_Sudan,ERR13667061,Plate2_B11,2023,Sudan,Major,Invasive ,19.6387626,37.1906463,Red Sea,Port of Sudan,Hap2,Urban,NA,Adult
Plate2_B8_Sudan,ERR13667065,Plate2_B8,2023,Sudan,Major,Invasive ,19.6387626,37.1906463,Red Sea,Port of Sudan,Hap1,Urban,NA,Adult
Plate2_D8_Sudan,ERR13667068,Plate2_D8,2023,Sudan,Major,Invasive ,19.6387626,37.1906463,Red Sea,Port of Sudan,Hap1,Urban,NA,Adult
Plate2_E12_Sudan,ERR13667069,Plate2_E12,2023,Sudan,Major,Invasive ,19.6387626,37.1906463,Red Sea,Port of Sudan,Hap2,Urban,NA,Adult
Plate2_E7_Sudan,ERR13667071,Plate2_E7,2023,Sudan,Major,Invasive ,19.6387626,37.1906463,Red Sea,Port of Sudan,Hap2,Urban,NA,Adult
Plate2_F12_Sudan,ERR13667072,Plate2_F12,2023,Sudan,Major,Invasive ,19.6387626,37.1906463,Red Sea,Port of Sudan,Hap1,Urban,NA,Adult
Plate2_F8_Sudan,ERR13667074,Plate2_F8,2023,Sudan,Major,Invasive ,19.6387626,37.1906463,Red Sea,Port of Sudan,Hap2,Urban,NA,Adult
Plate2_G11_Sudan,ERR13667075,Plate2_G11,2023,Sudan,Major,Invasive ,19.6387626,37.1906463,Red Sea,Port of Sudan,Hap2,Urban,NA,Adult
MK170098_UnitedArabEmirates,MK170098,MK170098,2018,United Arab Emirates,Major,Native,24.175,55.74,Abu Dhabi,NA,Hap1,Urban,Artificial,Adult
S220017_Yemen,PP387837,S220017,2021,Yemen,Major,Invasive,14.12026,43.19066,Al Hudaydah,NA,Hap3,Urban ,Artificial,Immature
S220366_Yemen,NA,S220366,2021,Yemen,Major,Invasive,12.78652104,45.01848534,Aden,Dar Sa'ad,Hap3,Urban ,Artificial,Immature
S220635_Yemen,PP387838,S220635,2021,Yemen,Major,Invasive,14.12026,43.19066,Al Hudaydah,NA,Hap19,Urban ,Artificial,Immature
S220699_Yemen,PP752283,S220699,2021,Yemen,Major,Invasive,14.54943803,49.12458937,Hadramout,Al Mukulla,Hap3,Urban ,Cement pond,Immature
S220705_Yemen,NA,S220705,2021,Yemen,Major,Invasive,14.54943803,49.12458937,Hadramout,Al Mukulla,Hap3,Urban ,Cement pond,Immature
S220708_Yemen,NA,S220708,2021,Yemen,Major,Invasive,14.54943803,49.12458937,Hadramout,Al Mukulla,Hap3,Urban ,Plastic bottle,Immature
S220713_Yemen,NA,S220713,2021,Yemen,Major,Invasive,14.54943803,49.12458937,Hadramout,Al Mukulla,Hap3,Urban ,Cement pond,Immature
S220715_Yemen,NA,S220715,2021,Yemen,Major,Invasive,14.54943803,49.12458937,Hadramout,Al Mukulla,Hap3,Urban ,Plastic bottle,Immature
S220716_Yemen,NA,S220716,2021,Yemen,Major,Invasive,14.54943803,49.12458937,Hadramout,Al Mukulla,Hap3,Urban ,Cement pond,Immature
S220717_Yemen,NA,S220717,2021,Yemen,Major,Invasive,14.54943803,49.12458937,Hadramout,Al Mukulla,Hap3,Urban ,Plastic bottle,Immature
S220718_Yemen,NA,S220718,2021,Yemen,Major,Invasive,14.54943803,49.12458937,Hadramout,Al Mukulla,Hap3,Urban ,Cement pond,Immature
S220721_Yemen,NA,S220721,2021,Yemen,Major,Invasive,12.78652104,45.01848534,Aden,Dar Sa'ad,Hap3,Urban ,Cement pond,Immature
S220723_Yemen,NA,S220723,2021,Yemen,Major,Invasive,12.78652104,45.01848534,Aden,Dar Sa'ad,Hap3,Urban ,Cement pond,Immature
S220724_Yemen,NA,S220724,2021,Yemen,Major,Invasive,12.78652104,45.01848534,Aden,Dar Sa'ad,Hap3,Urban ,Cement pond,Immature
S220727_Yemen,NA,S220727,2021,Yemen,Major,Invasive,12.78652104,45.01848534,Aden,Dar Sa'ad,Hap3,Urban ,Cement pond,Immature
S220728_Yemen,NA,S220728,2021,Yemen,Major,Invasive,12.78652104,45.01848534,Aden,Dar Sa'ad,Hap3,Urban ,Cement pond,Immature
S220753_Yemen,NA,S220753,2021,Yemen,Major,Invasive,12.78652104,45.01848534,Aden,Dar Sa'ad,Hap3,Urban ,Cement pond,Immature
S220757_Yemen,NA,S220757,2021,Yemen,Major,Invasive,12.78652104,45.01848534,Aden,Dar Sa'ad,Hap3,Urban ,Cement pond,Immature
S220778_Yemen,NA,S220778,2021,Yemen,Major,Invasive,12.78652104,45.01848534,Aden,Dar Sa'ad,Hap3,Urban ,Cement pond,Immature
S220779_Yemen,NA,S220779,2021,Yemen,Major,Invasive,12.78652104,45.01848534,Aden,Dar Sa'ad,Hap3,Urban ,Cement pond,Immature
S220780_Yemen,NA,S220780,2021,Yemen,Major,Invasive,12.78652104,45.01848534,Aden,Dar Sa'ad,Hap3,Urban ,Cement pond,Immature
S220781_Yemen,NA,S220781,2021,Yemen,Major,Invasive,12.78652104,45.01848534,Aden,Dar Sa'ad,Hap3,Urban ,Cement pond,Immature
S220832_Yemen,PP752284,S220832,2021,Yemen,Major,Invasive,14.54943803,49.12458937,Al Mahra,Sayhut,Hap14,Urban,Artificial,Immature
S220851_Yemen,NA,S220851,2021,Yemen,Major,Invasive,13.05807429,44.88331316,Lahj,Tuban,Hap3,Urban,Artificial,Immature
S220852_Yemen,NA,S220852,2021,Yemen,Major,Invasive,13.05807429,44.88331316,Lahj,Tuban,Hap3,Urban,Artificial,Immature
S220853_Yemen,NA,S220853,2021,Yemen,Major,Invasive,13.05807429,44.88331316,Lahj,Tuban,Hap3,Urban,Artificial,Immature
S220855_Yemen,NA,S220855,2021,Yemen,Major,Invasive,13.05807429,44.88331316,Lahj,Tuban,Hap3,Urban,Artificial,Immature
YemH1_Yemen,OM865140,YemH1,2021,Yemen,Major,Invasive,NA,NA,Aden,NA,Hap2,Urban ,Artificial,Immature
S220831_Yemen,NA,S220831,2022,Yemen,Major,Invasive,15.202806,51.20175,Al Mahra,Sayhut,Hap3,Urban,Artifical,Immature
S220833_Yemen,NA,S220833,2022,Yemen,Major,Invasive,15.202806,51.20175,Al Mahra,Sayhut,Hap3,Urban,Artificial,Immature
S220834_Yemen,NA,S220834,2022,Yemen,Major,Invasive,15.202806,51.20175,Al Mahra,Sayhut,Hap3,Urban,Artificial,Immature
S220835_Yemen,NA,S220835,2022,Yemen,Major,Invasive,15.202806,51.20175,Al Mahra,Sayhut,Hap3,Urban,Artificial,Immature
S220836_Yemen,NA,S220836,2022,Yemen,Major,Invasive,15.202806,51.20175,Al Mahra,Sayhut,Hap3,Urban,Artificial,Immature
S220837_Yemen,NA,S220837,2022,Yemen,Major,Invasive,15.202806,51.20175,Al Mahra,Sayhut,Hap3,Urban,Artificial,Immature
S220838_Yemen,NA,S220838,2022,Yemen,Major,Invasive,15.202806,51.20175,Al Mahra,Sayhut,Hap3,Urban,Artificial,Immature
S220839_Yemen,NA,S220839,2022,Yemen,Major,Invasive,15.202806,51.20175,Al Mahra,Sayhut,Hap3,Urban,Artificial,Immature
S220840_Yemen,NA,S220840,2022,Yemen,Major,Invasive,15.202806,51.20175,Al Mahra,Sayhut,Hap3,Urban,Artificial,Immature
S220841_Yemen,NA,S220841,2022,Yemen,Major,Invasive,13.841611,47.59567,Shabwah,Rodoom,Hap3,Rural,Artifical,Immature
S220842_Yemen,NA,S220842,2022,Yemen,Major,Invasive,13.841611,47.59567,Shabwah,Rodoom,Hap3,Rural,Artificial,Immature
S220843_Yemen,NA,S220843,2022,Yemen,Major,Invasive,13.841611,47.59567,Shabwah,Rodoom,Hap3,Rural,Artificial,Immature
S220844_Yemen,NA,S220844,2022,Yemen,Major,Invasive,13.841611,47.59567,Shabwah,Rodoom,Hap3,Rural,Artificial,Immature
S220845_Yemen,NA,S220845,2022,Yemen,Major,Invasive,13.841611,47.59567,Shabwah,Rodoom,Hap3,Rural,Artificial,Immature
S220846_Yemen,NA,S220846,2022,Yemen,Major,Invasive,13.841611,47.59567,Shabwah,Rodoom,Hap3,Rural,Artificial,Immature
S220847_Yemen,NA,S220847,2022,Yemen,Major,Invasive,13.841611,47.59567,Shabwah,Rodoom,Hap3,Rural,Artificial,Immature
S220848_Yemen,NA,S220848,2022,Yemen,Major,Invasive,13.841611,47.59567,Shabwah,Rodoom,Hap3,Rural,Artificial,Immature
S220849_Yemen,NA,S220849,2022,Yemen,Major,Invasive,13.841611,47.59567,Shabwah,Rodoom,Hap3,Rural,Artificial,Immature
S220850_Yemen,NA,S220850,2022,Yemen,Major,Invasive,13.841611,47.59567,Shabwah,Rodoom,Hap3,Rural,Artificial,Immature
Yem002_Yemen,ERR13695910,Yem002,2023,Yemen,Major,Invasive,12.79,45.02,Aden City,Aden,Hap3,Urban,NA,Adult
Yem006_Yemen,ERR13695911,Yem006,2023,Yemen,Major,Invasive,12.79,45.02,Aden City,Aden,Hap3,Urban,NA,Adult
Yem008_Yemen,ERR13695912,Yem008,2023,Yemen,Major,Invasive,12.79,45.02,Aden City,Aden,Hap3,Urban,NA,Adult
Yem011_Yemen,ERR13695913,Yem011,2023,Yemen,Major,Invasive,12.79,45.02,Aden City,Aden,Hap3,Urban,NA,Adult
Yem012_Yemen,ERR13695914,Yem012,2023,Yemen,Major,Invasive,12.79,45.02,Aden City,Aden,Hap3,Urban,NA,Adult
Yeme_A_01_Yemen,ERR13818271,Yeme_A_01,2023,Yemen,Major,Invasive,12.79,45.02,Aden City,Aden,Hap3,Urban,NA,Adult
Yeme_A_02_Yemen,ERR13818272,Yeme_A_02,2023,Yemen,Major,Invasive,12.79,45.02,Aden City,Aden,Hap3,Urban,NA,Adult
Yeme_A_03_Yemen,ERR13818273,Yeme_A_03,2023,Yemen,Major,Invasive,12.79,45.02,Aden City,Aden,Hap3,Urban,NA,Adult
Yeme_A_04_Yemen,ERR13818274,Yeme_A_04,2023,Yemen,Major,Invasive,12.79,45.02,Aden City,Aden,Hap3,Urban,NA,Adult
Yeme_A_05_Yemen,ERR13818275,Yeme_A_05,2023,Yemen,Major,Invasive,12.79,45.02,Aden City,Aden,Hap3,Urban,NA,Adult
Yeme_A_06_Yemen,ERR13818276,Yeme_A_06,2023,Yemen,Major,Invasive,12.79,45.02,Aden City,Aden,Hap3,Urban,NA,Adult
Yeme_A_08_Yemen,ERR13818277,Yeme_A_08,2023,Yemen,Major,Invasive,12.79,45.02,Aden City,Aden,Hap3,Urban,NA,Adult
Yeme_A_09_Yemen,ERR13818278,Yeme_A_09,2023,Yemen,Major,Invasive,12.79,45.02,Aden City,Aden,Hap3,Urban,NA,Adult
Yeme_A_10_Yemen,ERR13818279,Yeme_A_10,2023,Yemen,Major,Invasive,12.79,45.02,Aden City,Aden,Hap3,Urban,NA,Adult
Yeme_A_11_Yemen,ERR13818280,Yeme_A_11,2023,Yemen,Major,Invasive,12.79,45.02,Aden City,Aden,Hap3,Urban,NA,Adult
Yeme_A_12_Yemen,ERR13818281,Yeme_A_12,2023,Yemen,Major,Invasive,12.79,45.02,Aden City,Aden,Hap3,Urban,NA,Adult
Yeme_A_13_Yemen,ERR13818282,Yeme_A_13,2023,Yemen,Major,Invasive,12.79,45.02,Aden City,Aden,Hap3,Urban,NA,Adult
Yeme_A_14_Yemen,ERR13818283,Yeme_A_14,2023,Yemen,Major,Invasive,12.79,45.02,Aden City,Aden,Hap3,Urban,NA,Adult
Yeme_A_15_Yemen,ERR13818284,Yeme_A_15,2023,Yemen,Major,Invasive,12.79,45.02,Aden City,Aden,Hap3,Urban,NA,Adult
Yeme_A_17_Yemen,ERR13818285,Yeme_A_17,2023,Yemen,Major,Invasive,12.79,45.02,Aden City,Aden,Hap3,Urban,NA,Adult
Yeme_A_19_Yemen,ERR13818286,Yeme_A_19,2023,Yemen,Major,Invasive,12.79,45.02,Aden City,Aden,Hap3,Urban,NA,Adult